Timestamp,Day,City,Weather Type,Latitude,Longitude,Temperature (°C),Feels Like (°C),Min Temp (°C),Max Temp (°C),Humidity (%),Pressure (hPa),Wind Speed (m/s),Wind Direction (°),Cloudiness (%),Weather Condition,Rain (3h) (mm),AQI,PM2.5 (µg/m³),PM10 (µg/m³),Sunrise,Sunset
2026-10-03 03:00:00,Today,Bengaluru,Forecast,12.9762,77.6033,22.52,22.99,22.52,24.97,83,1016,3.01,100,33,scattered clouds,0.0,2,20.0,23.93,2026-10-03 06:08:47,2026-10-03 18:08:31
2026-10-03 06:00:00,Today,Bengaluru,Forecast,12.9762,77.6033,25.36,25.47,25.36,27.39,58,1016,3.2,90,40,scattered clouds,0.0,2,20.0,23.93,2026-10-03 06:08:47,2026-10-03 18:08:31
2026-10-03 09:00:00,Today,Bengaluru,Forecast,12.9762,77.6033,27.52,26.94,27.52,27.52,34,1012,2.86,93,42,scattered clouds,0.0,2,20.0,23.93,2026-10-03 06:08:47,2026-10-03 18:08:31
2026-10-03 12:00:00,Today,Bengaluru,Forecast,12.9762,77.6033,29.02,28.81,29.02,29.02,42,1012,2.44,94,60,broken clouds,0.0,2,20.0,23.93,2026-10-03 06:08:47,2026-10-03 18:08:31
2026-10-03 15:00:00,Today,Bengaluru,Forecast,12.9762,77.6033,26.87,27.41,26.87,26.87,52,1015,3.72,126,100,overcast clouds,0.0,2,20.0,23.93,2026-10-03 06:08:47,2026-10-03 18:08:31
2026-10-03 18:00:00,Today,Bengaluru,Forecast,12.9762,77.6033,28.18,29.72,28.18,28.18,60,1016,2.74,118,100,overcast clouds,0.0,2,20.0,23.93,2026-10-03 06:08:47,2026-10-03 18:08:31
2026-10-03 21:00:00,Today,Bengaluru,Forecast,12.9762,77.6033,25.67,26.17,25.67,25.67,72,1014,2.84,123,93,overcast clouds,0.0,2,20.0,23.93,2026-10-03 06:08:47,2026-10-03 18:08:31
2026-10-04 00:00:00,Day 1,Bengaluru,Forecast,12.9762,77.6033,23.51,23.98,23.51,23.51,79,1015,3.16,144,83,broken clouds,0.0,2,20.0,23.93,2026-10-03 06:08:47,2026-10-03 18:08:31
2026-10-04 03:00:00,Day 1,Bengaluru,Forecast,12.9762,77.6033,25.6,25.91,25.6,25.6,65,1016,2.76,150,23,few clouds,0.0,2,20.0,23.93,2026-10-03 06:08:47,2026-10-03 18:08:31
2026-10-04 06:00:00,Day 1,Bengaluru,Forecast,12.9762,77.6033,27.72,27.91,27.72,27.72,47,1014,2.08,111,16,few clouds,0.0,2,20.0,23.93,2026-10-03 06:08:47,2026-10-03 18:08:31
2026-10-04 09:00:00,Day 1,Bengaluru,Forecast,12.9762,77.6033,25.09,24.93,25.09,25.09,49,1011,2.59,105,88,light rain,0.2,2,20.0,23.93,2026-10-03 06:08:47,2026-10-03 18:08:31
2026-10-04 12:00:00,Day 1,Bengaluru,Forecast,12.9762,77.6033,27.56,28.29,27.56,27.56,54,1012,1.12,99,90,overcast clouds,0.0,2,20.0,23.93,2026-10-03 06:08:47,2026-10-03 18:08:31
2026-10-04 15:00:00,Day 1,Bengaluru,Forecast,12.9762,77.6033,26.71,27.37,26.71,26.71,54,1014,2.12,123,90,overcast clouds,0.0,2,20.0,23.93,2026-10-03 06:08:47,2026-10-03 18:08:31
2026-10-04 18:00:00,Day 1,Bengaluru,Forecast,12.9762,77.6033,28.09,29.58,28.09,28.09,60,1014,1.63,161,84,broken clouds,0.0,2,20.0,23.93,2026-10-03 06:08:47,2026-10-03 18:08:31
2026-10-04 21:00:00,Day 1,Bengaluru,Forecast,12.9762,77.6033,22.7,23.04,22.7,22.7,77,1012,2.55,203,96,light rain,2.02,2,20.0,23.93,2026-10-03 06:08:47,2026-10-03 18:08:31
2026-10-05 00:00:00,Day 2,Bengaluru,Forecast,12.9762,77.6033,21.78,22.15,21.78,21.78,82,1014,2.31,183,98,light rain,1.55,2,20.0,23.93,2026-10-03 06:08:47,2026-10-03 18:08:31
2026-10-05 03:00:00,Day 2,Bengaluru,Forecast,12.9762,77.6033,23.37,23.72,23.37,23.37,75,1016,2.85,199,88,light rain,1.74,2,20.0,23.93,2026-10-03 06:08:47,2026-10-03 18:08:31
2026-10-05 06:00:00,Day 2,Bengaluru,Forecast,12.9762,77.6033,27.18,28.16,27.18,27.18,58,1014,1.43,190,65,moderate rain,4.66,2,20.0,23.93,2026-10-03 06:08:47,2026-10-03 18:08:31
2026-10-05 09:00:00,Day 2,Bengaluru,Forecast,12.9762,77.6033,28.7,29.17,28.7,28.7,49,1010,0.96,304,86,light rain,2.15,2,20.0,23.93,2026-10-03 06:08:47,2026-10-03 18:08:31
2026-10-05 12:00:00,Day 2,Bengaluru,Forecast,12.9762,77.6033,27.25,28.32,27.25,27.25,59,1011,1.15,116,90,light rain,0.34,2,20.0,23.93,2026-10-03 06:08:47,2026-10-03 18:08:31
2026-10-05 15:00:00,Day 2,Bengaluru,Forecast,12.9762,77.6033,23.42,23.85,23.42,23.42,78,1014,2.29,189,78,moderate rain,3.5,2,20.0,23.93,2026-10-03 06:08:47,2026-10-03 18:08:31
2026-10-05 18:00:00,Day 2,Bengaluru,Forecast,12.9762,77.6033,21.41,21.85,21.41,21.41,86,1015,3.41,241,78,moderate rain,8.12,2,20.0,23.93,2026-10-03 06:08:47,2026-10-03 18:08:31
2026-10-05 21:00:00,Day 2,Bengaluru,Forecast,12.9762,77.6033,20.97,21.37,20.97,20.97,86,1013,3.01,258,100,moderate rain,3.49,2,20.0,23.93,2026-10-03 06:08:47,2026-10-03 18:08:31
2026-10-06 00:00:00,Day 3,Bengaluru,Forecast,12.9762,77.6033,21.4,21.84,21.4,21.4,86,1014,0.47,164,100,light rain,2.32,2,20.0,23.93,2026-10-03 06:08:47,2026-10-03 18:08:31
2026-10-06 03:00:00,Day 3,Bengaluru,Forecast,12.9762,77.6033,21.87,22.28,21.87,21.87,83,1016,2.03,155,100,light rain,1.94,2,20.0,23.93,2026-10-03 06:08:47,2026-10-03 18:08:31
2026-10-06 06:00:00,Day 3,Bengaluru,Forecast,12.9762,77.6033,22.38,22.79,22.38,22.38,81,1016,1.27,237,100,light rain,1.44,2,20.0,23.93,2026-10-03 06:08:47,2026-10-03 18:08:31
2026-10-06 09:00:00,Day 3,Bengaluru,Forecast,12.9762,77.6033,23.7,23.98,23.7,23.7,71,1012,2.38,328,91,light rain,0.78,2,20.0,23.93,2026-10-03 06:08:47,2026-10-03 18:08:31
2026-10-06 12:00:00,Day 3,Bengaluru,Forecast,12.9762,77.6033,22.83,23.23,22.83,22.83,79,1013,2.13,114,100,light rain,2.48,2,20.0,23.93,2026-10-03 06:08:47,2026-10-03 18:08:31
2026-10-06 15:00:00,Day 3,Bengaluru,Forecast,12.9762,77.6033,21.56,22.04,21.56,21.56,87,1015,2.48,84,86,light rain,1.26,2,20.0,23.93,2026-10-03 06:08:47,2026-10-03 18:08:31
2026-10-06 18:00:00,Day 3,Bengaluru,Forecast,12.9762,77.6033,20.68,21.1,20.68,20.68,88,1016,3.17,120,79,light rain,2.33,2,20.0,23.93,2026-10-03 06:08:47,2026-10-03 18:08:31
2026-10-06 21:00:00,Day 3,Bengaluru,Forecast,12.9762,77.6033,20.37,20.79,20.37,20.37,89,1014,3.07,102,96,light rain,1.11,2,20.0,23.93,2026-10-03 06:08:47,2026-10-03 18:08:31
2026-10-07 00:00:00,Day 4,Bengaluru,Forecast,12.9762,77.6033,19.61,20.03,19.61,19.61,92,1015,2.99,113,84,broken clouds,0.0,2,20.0,23.93,2026-10-03 06:08:47,2026-10-03 18:08:31
2026-10-07 03:00:00,Day 4,Bengaluru,Forecast,12.9762,77.6033,23.06,23.46,23.06,23.06,78,1017,3.73,114,76,broken clouds,0.0,2,20.0,23.93,2026-10-03 06:08:47,2026-10-03 18:08:31
2026-10-07 06:00:00,Day 4,Bengaluru,Forecast,12.9762,77.6033,27.54,28.27,27.54,27.54,54,1016,4.41,114,51,broken clouds,0.0,2,20.0,23.93,2026-10-03 06:08:47,2026-10-03 18:08:31
2026-10-07 09:00:00,Day 4,Bengaluru,Forecast,12.9762,77.6033,29.13,29.24,29.13,29.13,45,1013,4.36,114,22,few clouds,0.0,2,20.0,23.93,2026-10-03 06:08:47,2026-10-03 18:08:31
2026-10-07 12:00:00,Day 4,Bengaluru,Forecast,12.9762,77.6033,25.28,25.51,25.28,25.28,63,1014,4.64,89,38,light rain,0.14,2,20.0,23.93,2026-10-03 06:08:47,2026-10-03 18:08:31
2026-10-07 15:00:00,Day 4,Bengaluru,Forecast,12.9762,77.6033,23.76,24.02,23.76,23.76,70,1017,3.43,93,80,light rain,0.15,2,20.0,23.93,2026-10-03 06:08:47,2026-10-03 18:08:31
2026-10-07 18:00:00,Day 4,Bengaluru,Forecast,12.9762,77.6033,22.26,22.47,22.26,22.26,74,1017,2.93,97,53,broken clouds,0.0,2,20.0,23.93,2026-10-03 06:08:47,2026-10-03 18:08:31
2026-10-07 21:00:00,Day 4,Bengaluru,Forecast,12.9762,77.6033,20.76,21.08,20.76,20.76,84,1015,3.26,108,2,clear sky,0.0,2,20.0,23.93,2026-10-03 06:08:47,2026-10-03 18:08:31
2026-10-08 00:00:00,Day 5,Bengaluru,Forecast,12.9762,77.6033,20.14,20.53,20.14,20.14,89,1016,2.8,106,2,clear sky,0.0,2,20.0,23.93,2026-10-03 06:08:47,2026-10-03 18:08:31
2026-10-03 03:00:00,Today,Mumbai,Forecast,19.0144,72.8479,28.27,31.2,28.27,28.84,70,1013,2.87,15,88,overcast clouds,0.0,5,122.98,155.35,2026-10-03 06:29:28,2026-10-03 18:25:52
2026-10-03 06:00:00,Today,Mumbai,Forecast,19.0144,72.8479,29.98,33.2,29.98,30.98,62,1014,1.69,79,70,broken clouds,0.0,5,122.98,155.35,2026-10-03 06:29:28,2026-10-03 18:25:52
2026-10-03 09:00:00,Today,Mumbai,Forecast,19.0144,72.8479,31.65,34.43,31.65,31.65,53,1012,2.36,286,12,few clouds,0.0,5,122.98,155.35,2026-10-03 06:29:28,2026-10-03 18:25:52
2026-10-03 12:00:00,Today,Mumbai,Forecast,19.0144,72.8479,30.39,34.27,30.39,30.39,63,1012,4.16,314,11,few clouds,0.0,5,122.98,155.35,2026-10-03 06:29:28,2026-10-03 18:25:52
2026-10-03 15:00:00,Today,Mumbai,Forecast,19.0144,72.8479,29.98,33.84,29.98,29.98,65,1013,3.3,325,10,clear sky,0.0,5,122.98,155.35,2026-10-03 06:29:28,2026-10-03 18:25:52
2026-10-03 18:00:00,Today,Mumbai,Forecast,19.0144,72.8479,29.42,32.86,29.42,29.42,66,1013,1.95,354,18,few clouds,0.0,5,122.98,155.35,2026-10-03 06:29:28,2026-10-03 18:25:52
2026-10-03 21:00:00,Today,Mumbai,Forecast,19.0144,72.8479,27.97,30.48,27.97,27.97,69,1012,2.81,102,44,scattered clouds,0.0,5,122.98,155.35,2026-10-03 06:29:28,2026-10-03 18:25:52
2026-10-04 00:00:00,Day 1,Mumbai,Forecast,19.0144,72.8479,27.97,30.23,27.97,27.97,67,1012,1.92,47,50,scattered clouds,0.0,5,122.98,155.35,2026-10-03 06:29:28,2026-10-03 18:25:52
2026-10-04 03:00:00,Day 1,Mumbai,Forecast,19.0144,72.8479,28.32,30.45,28.32,28.32,64,1014,1.94,59,63,broken clouds,0.0,5,122.98,155.35,2026-10-03 06:29:28,2026-10-03 18:25:52
2026-10-04 06:00:00,Day 1,Mumbai,Forecast,19.0144,72.8479,29.91,32.47,29.91,29.91,59,1014,0.38,17,33,scattered clouds,0.0,5,122.98,155.35,2026-10-03 06:29:28,2026-10-03 18:25:52
2026-10-04 09:00:00,Day 1,Mumbai,Forecast,19.0144,72.8479,30.04,32.14,30.04,30.04,56,1011,3.45,296,7,clear sky,0.0,5,122.98,155.35,2026-10-03 06:29:28,2026-10-03 18:25:52
2026-10-04 12:00:00,Day 1,Mumbai,Forecast,19.0144,72.8479,29.69,33.02,29.69,29.69,64,1011,4.54,310,5,clear sky,0.0,5,122.98,155.35,2026-10-03 06:29:28,2026-10-03 18:25:52
2026-10-04 15:00:00,Day 1,Mumbai,Forecast,19.0144,72.8479,29.31,32.83,29.31,29.31,67,1013,4.34,321,0,clear sky,0.0,5,122.98,155.35,2026-10-03 06:29:28,2026-10-03 18:25:52
2026-10-04 18:00:00,Day 1,Mumbai,Forecast,19.0144,72.8479,28.91,32.18,28.91,28.91,68,1012,3.39,347,1,clear sky,0.0,5,122.98,155.35,2026-10-03 06:29:28,2026-10-03 18:25:52
2026-10-04 21:00:00,Day 1,Mumbai,Forecast,19.0144,72.8479,27.94,30.55,27.94,27.94,70,1011,2.47,8,1,clear sky,0.0,5,122.98,155.35,2026-10-03 06:29:28,2026-10-03 18:25:52
2026-10-05 00:00:00,Day 2,Mumbai,Forecast,19.0144,72.8479,27.44,29.52,27.44,27.44,69,1012,2.36,19,0,clear sky,0.0,5,122.98,155.35,2026-10-03 06:29:28,2026-10-03 18:25:52
2026-10-05 03:00:00,Day 2,Mumbai,Forecast,19.0144,72.8479,27.68,29.61,27.68,27.68,66,1014,2.44,22,0,clear sky,0.0,5,122.98,155.35,2026-10-03 06:29:28,2026-10-03 18:25:52
2026-10-05 06:00:00,Day 2,Mumbai,Forecast,19.0144,72.8479,29.03,30.78,29.03,29.03,58,1013,1.41,327,0,clear sky,0.0,5,122.98,155.35,2026-10-03 06:29:28,2026-10-03 18:25:52
2026-10-05 09:00:00,Day 2,Mumbai,Forecast,19.0144,72.8479,29.14,32.47,29.14,29.14,67,1011,4.59,298,0,clear sky,0.0,5,122.98,155.35,2026-10-03 06:29:28,2026-10-03 18:25:52
2026-10-05 12:00:00,Day 2,Mumbai,Forecast,19.0144,72.8479,28.33,32.1,28.33,28.33,75,1011,5.55,309,0,clear sky,0.0,5,122.98,155.35,2026-10-03 06:29:28,2026-10-03 18:25:52
2026-10-05 15:00:00,Day 2,Mumbai,Forecast,19.0144,72.8479,28.35,32.48,28.35,28.35,77,1012,5.32,323,0,clear sky,0.0,5,122.98,155.35,2026-10-03 06:29:28,2026-10-03 18:25:52
2026-10-05 18:00:00,Day 2,Mumbai,Forecast,19.0144,72.8479,27.94,31.65,27.94,27.94,78,1012,4.67,335,0,clear sky,0.0,5,122.98,155.35,2026-10-03 06:29:28,2026-10-03 18:25:52
2026-10-05 21:00:00,Day 2,Mumbai,Forecast,19.0144,72.8479,27.49,30.74,27.49,27.49,79,1012,2.92,352,0,clear sky,0.0,5,122.98,155.35,2026-10-03 06:29:28,2026-10-03 18:25:52
2026-10-06 00:00:00,Day 3,Mumbai,Forecast,19.0144,72.8479,27.25,29.88,27.25,27.25,76,1012,2.56,23,24,few clouds,0.0,5,122.98,155.35,2026-10-03 06:29:28,2026-10-03 18:25:52
2026-10-06 03:00:00,Day 3,Mumbai,Forecast,19.0144,72.8479,27.34,29.85,27.34,27.34,74,1014,3.23,27,18,few clouds,0.0,5,122.98,155.35,2026-10-03 06:29:28,2026-10-03 18:25:52
2026-10-06 06:00:00,Day 3,Mumbai,Forecast,19.0144,72.8479,28.9,31.65,28.9,28.9,65,1014,1.13,324,9,clear sky,0.0,5,122.98,155.35,2026-10-03 06:29:28,2026-10-03 18:25:52
2026-10-06 09:00:00,Day 3,Mumbai,Forecast,19.0144,72.8479,28.91,32.53,28.91,28.91,70,1011,6.41,309,0,clear sky,0.0,5,122.98,155.35,2026-10-03 06:29:28,2026-10-03 18:25:52
2026-10-06 12:00:00,Day 3,Mumbai,Forecast,19.0144,72.8479,28.17,32.2,28.17,28.17,78,1011,7.53,314,0,clear sky,0.0,5,122.98,155.35,2026-10-03 06:29:28,2026-10-03 18:25:52
2026-10-06 15:00:00,Day 3,Mumbai,Forecast,19.0144,72.8479,28.16,31.87,28.16,28.16,76,1013,5.93,328,0,clear sky,0.0,5,122.98,155.35,2026-10-03 06:29:28,2026-10-03 18:25:52
2026-10-06 18:00:00,Day 3,Mumbai,Forecast,19.0144,72.8479,27.9,31.42,27.9,27.9,77,1013,4.11,351,0,clear sky,0.0,5,122.98,155.35,2026-10-03 06:29:28,2026-10-03 18:25:52
2026-10-06 21:00:00,Day 3,Mumbai,Forecast,19.0144,72.8479,27.41,30.33,27.41,27.41,77,1012,2.93,8,0,clear sky,0.0,5,122.98,155.35,2026-10-03 06:29:28,2026-10-03 18:25:52
2026-10-07 00:00:00,Day 4,Mumbai,Forecast,19.0144,72.8479,27.05,29.47,27.05,27.05,76,1013,3.19,37,0,clear sky,0.0,5,122.98,155.35,2026-10-03 06:29:28,2026-10-03 18:25:52
2026-10-07 03:00:00,Day 4,Mumbai,Forecast,19.0144,72.8479,27.23,29.64,27.23,27.23,74,1015,2.41,40,0,clear sky,0.0,5,122.98,155.35,2026-10-03 06:29:28,2026-10-03 18:25:52
2026-10-07 06:00:00,Day 4,Mumbai,Forecast,19.0144,72.8479,29.29,32.59,29.29,29.29,66,1015,1.98,114,0,clear sky,0.0,5,122.98,155.35,2026-10-03 06:29:28,2026-10-03 18:25:52
2026-10-07 09:00:00,Day 4,Mumbai,Forecast,19.0144,72.8479,30.6,34.48,30.6,30.6,62,1012,4.59,303,0,clear sky,0.0,5,122.98,155.35,2026-10-03 06:29:28,2026-10-03 18:25:52
2026-10-07 12:00:00,Day 4,Mumbai,Forecast,19.0144,72.8479,28.93,33.33,28.93,28.93,74,1012,6.27,297,0,clear sky,0.0,5,122.98,155.35,2026-10-03 06:29:28,2026-10-03 18:25:52
2026-10-07 15:00:00,Day 4,Mumbai,Forecast,19.0144,72.8479,28.84,33.5,28.84,28.84,76,1014,3.86,328,0,clear sky,0.0,5,122.98,155.35,2026-10-03 06:29:28,2026-10-03 18:25:52
2026-10-07 18:00:00,Day 4,Mumbai,Forecast,19.0144,72.8479,28.73,33.04,28.73,28.73,75,1014,1.16,19,0,clear sky,0.0,5,122.98,155.35,2026-10-03 06:29:28,2026-10-03 18:25:52
2026-10-07 21:00:00,Day 4,Mumbai,Forecast,19.0144,72.8479,28.08,31.53,28.08,28.08,75,1013,1.15,25,0,clear sky,0.0,5,122.98,155.35,2026-10-03 06:29:28,2026-10-03 18:25:52
2026-10-08 00:00:00,Day 5,Mumbai,Forecast,19.0144,72.8479,28.0,31.36,28.0,28.0,75,1014,1.6,19,2,clear sky,0.0,5,122.98,155.35,2026-10-03 06:29:28,2026-10-03 18:25:52
2026-10-03 03:00:00,Today,Delhi,Forecast,28.6667,77.2167,25.54,25.87,25.54,28.7,66,1013,2.41,310,0,clear sky,0.0,3,38.91,89.3,2026-10-03 06:14:49,2026-10-03 18:05:34
2026-10-03 06:00:00,Today,Delhi,Forecast,28.6667,77.2167,31.09,31.33,31.09,34.65,42,1013,2.96,304,0,clear sky,0.0,3,38.91,89.3,2026-10-03 06:14:49,2026-10-03 18:05:34
2026-10-03 09:00:00,Today,Delhi,Forecast,28.6667,77.2167,36.48,34.32,36.48,36.48,17,1009,3.11,320,0,clear sky,0.0,3,38.91,89.3,2026-10-03 06:14:49,2026-10-03 18:05:34
2026-10-03 12:00:00,Today,Delhi,Forecast,28.6667,77.2167,33.99,31.79,33.99,33.99,18,1008,1.88,359,0,clear sky,0.0,3,38.91,89.3,2026-10-03 06:14:49,2026-10-03 18:05:34
2026-10-03 15:00:00,Today,Delhi,Forecast,28.6667,77.2167,28.94,27.82,28.94,28.94,30,1010,3.21,142,0,clear sky,0.0,3,38.91,89.3,2026-10-03 06:14:49,2026-10-03 18:05:34
2026-10-03 18:00:00,Today,Delhi,Forecast,28.6667,77.2167,27.12,26.66,27.12,27.12,34,1010,2.23,143,0,clear sky,0.0,3,38.91,89.3,2026-10-03 06:14:49,2026-10-03 18:05:34
2026-10-03 21:00:00,Today,Delhi,Forecast,28.6667,77.2167,26.52,26.52,26.52,26.52,37,1008,1.26,148,0,clear sky,0.0,3,38.91,89.3,2026-10-03 06:14:49,2026-10-03 18:05:34
2026-10-04 00:00:00,Day 1,Delhi,Forecast,28.6667,77.2167,26.34,26.34,26.34,26.34,30,1008,1.26,288,0,clear sky,0.0,3,38.91,89.3,2026-10-03 06:14:49,2026-10-03 18:05:34
2026-10-04 03:00:00,Day 1,Delhi,Forecast,28.6667,77.2167,29.57,28.08,29.57,29.57,25,1011,2.88,292,0,clear sky,0.0,3,38.91,89.3,2026-10-03 06:14:49,2026-10-03 18:05:34
2026-10-04 06:00:00,Day 1,Delhi,Forecast,28.6667,77.2167,35.56,33.55,35.56,35.56,19,1010,4.23,307,0,clear sky,0.0,3,38.91,89.3,2026-10-03 06:14:49,2026-10-03 18:05:34
2026-10-04 09:00:00,Day 1,Delhi,Forecast,28.6667,77.2167,37.99,36.05,37.99,37.99,17,1007,3.51,350,0,clear sky,0.0,3,38.91,89.3,2026-10-03 06:14:49,2026-10-03 18:05:34
2026-10-04 12:00:00,Day 1,Delhi,Forecast,28.6667,77.2167,33.16,31.79,33.16,33.16,27,1007,3.77,67,0,clear sky,0.0,3,38.91,89.3,2026-10-03 06:14:49,2026-10-03 18:05:34
2026-10-04 15:00:00,Day 1,Delhi,Forecast,28.6667,77.2167,28.33,27.75,28.33,28.33,37,1009,3.58,105,0,clear sky,0.0,3,38.91,89.3,2026-10-03 06:14:49,2026-10-03 18:05:34
2026-10-04 18:00:00,Day 1,Delhi,Forecast,28.6667,77.2167,26.54,26.54,26.54,26.54,41,1009,3.05,128,1,clear sky,0.0,3,38.91,89.3,2026-10-03 06:14:49,2026-10-03 18:05:34
2026-10-04 21:00:00,Day 1,Delhi,Forecast,28.6667,77.2167,29.66,29.88,29.66,29.66,45,1007,2.36,158,0,clear sky,0.0,3,38.91,89.3,2026-10-03 06:14:49,2026-10-03 18:05:34
2026-10-05 00:00:00,Day 2,Delhi,Forecast,28.6667,77.2167,29.07,28.68,29.07,29.07,40,1008,1.27,213,0,clear sky,0.0,3,38.91,89.3,2026-10-03 06:14:49,2026-10-03 18:05:34
2026-10-05 03:00:00,Day 2,Delhi,Forecast,28.6667,77.2167,31.31,29.71,31.31,31.31,26,1010,4.18,289,0,clear sky,0.0,3,38.91,89.3,2026-10-03 06:14:49,2026-10-03 18:05:34
2026-10-05 06:00:00,Day 2,Delhi,Forecast,28.6667,77.2167,35.55,34.83,35.55,35.55,27,1010,3.66,307,0,clear sky,0.0,3,38.91,89.3,2026-10-03 06:14:49,2026-10-03 18:05:34
2026-10-05 09:00:00,Day 2,Delhi,Forecast,28.6667,77.2167,38.54,37.88,38.54,38.54,22,1006,3.54,308,0,clear sky,0.0,3,38.91,89.3,2026-10-03 06:14:49,2026-10-03 18:05:34
2026-10-05 12:00:00,Day 2,Delhi,Forecast,28.6667,77.2167,36.14,35.66,36.14,36.14,27,1006,1.9,45,6,clear sky,0.0,3,38.91,89.3,2026-10-03 06:14:49,2026-10-03 18:05:34
2026-10-05 15:00:00,Day 2,Delhi,Forecast,28.6667,77.2167,32.41,32.88,32.41,32.41,40,1009,3.97,114,21,few clouds,0.0,3,38.91,89.3,2026-10-03 06:14:49,2026-10-03 18:05:34
2026-10-05 18:00:00,Day 2,Delhi,Forecast,28.6667,77.2167,31.19,31.64,31.19,31.19,43,1009,2.84,139,22,few clouds,0.0,3,38.91,89.3,2026-10-03 06:14:49,2026-10-03 18:05:34
2026-10-05 21:00:00,Day 2,Delhi,Forecast,28.6667,77.2167,29.93,30.36,29.93,29.93,46,1009,2.09,136,0,clear sky,0.0,3,38.91,89.3,2026-10-03 06:14:49,2026-10-03 18:05:34
2026-10-06 00:00:00,Day 3,Delhi,Forecast,28.6667,77.2167,29.15,29.49,29.15,29.15,47,1010,1.45,143,0,clear sky,0.0,3,38.91,89.3,2026-10-03 06:14:49,2026-10-03 18:05:34
2026-10-06 03:00:00,Day 3,Delhi,Forecast,28.6667,77.2167,31.93,30.25,31.93,31.93,25,1012,3.39,266,0,clear sky,0.0,3,38.91,89.3,2026-10-03 06:14:49,2026-10-03 18:05:34
2026-10-06 06:00:00,Day 3,Delhi,Forecast,28.6667,77.2167,35.36,34.2,35.36,35.36,25,1012,3.78,292,0,clear sky,0.0,3,38.91,89.3,2026-10-03 06:14:49,2026-10-03 18:05:34
2026-10-06 09:00:00,Day 3,Delhi,Forecast,28.6667,77.2167,38.14,36.84,38.14,38.14,20,1009,3.9,294,0,clear sky,0.0,3,38.91,89.3,2026-10-03 06:14:49,2026-10-03 18:05:34
2026-10-06 12:00:00,Day 3,Delhi,Forecast,28.6667,77.2167,37.43,35.93,37.43,37.43,20,1008,2.56,310,3,clear sky,0.0,3,38.91,89.3,2026-10-03 06:14:49,2026-10-03 18:05:34
2026-10-06 15:00:00,Day 3,Delhi,Forecast,28.6667,77.2167,32.58,32.57,32.58,32.58,37,1011,3.56,86,6,clear sky,0.0,3,38.91,89.3,2026-10-03 06:14:49,2026-10-03 18:05:34
2026-10-06 18:00:00,Day 3,Delhi,Forecast,28.6667,77.2167,31.98,32.08,31.98,31.98,39,1012,3.28,130,35,scattered clouds,0.0,3,38.91,89.3,2026-10-03 06:14:49,2026-10-03 18:05:34
2026-10-06 21:00:00,Day 3,Delhi,Forecast,28.6667,77.2167,30.29,30.85,30.29,30.29,46,1011,2.01,146,43,scattered clouds,0.0,3,38.91,89.3,2026-10-03 06:14:49,2026-10-03 18:05:34
2026-10-07 00:00:00,Day 4,Delhi,Forecast,28.6667,77.2167,29.88,30.43,29.88,29.88,47,1012,0.76,103,50,scattered clouds,0.0,3,38.91,89.3,2026-10-03 06:14:49,2026-10-03 18:05:34
2026-10-07 03:00:00,Day 4,Delhi,Forecast,28.6667,77.2167,31.91,30.4,31.91,31.91,27,1015,2.46,298,32,scattered clouds,0.0,3,38.91,89.3,2026-10-03 06:14:49,2026-10-03 18:05:34
2026-10-07 06:00:00,Day 4,Delhi,Forecast,28.6667,77.2167,35.04,33.49,35.04,35.04,23,1014,3.72,316,46,scattered clouds,0.0,3,38.91,89.3,2026-10-03 06:14:49,2026-10-03 18:05:34
2026-10-07 09:00:00,Day 4,Delhi,Forecast,28.6667,77.2167,37.87,36.29,37.87,37.87,19,1011,3.23,329,3,clear sky,0.0,3,38.91,89.3,2026-10-03 06:14:49,2026-10-03 18:05:34
2026-10-07 12:00:00,Day 4,Delhi,Forecast,28.6667,77.2167,36.28,35.43,36.28,36.28,25,1011,2.09,353,11,few clouds,0.0,3,38.91,89.3,2026-10-03 06:14:49,2026-10-03 18:05:34
2026-10-07 15:00:00,Day 4,Delhi,Forecast,28.6667,77.2167,32.45,33.13,32.45,32.45,41,1013,2.67,101,10,clear sky,0.0,3,38.91,89.3,2026-10-03 06:14:49,2026-10-03 18:05:34
2026-10-07 18:00:00,Day 4,Delhi,Forecast,28.6667,77.2167,31.63,32.46,31.63,31.63,44,1013,2.76,159,5,clear sky,0.0,3,38.91,89.3,2026-10-03 06:14:49,2026-10-03 18:05:34
2026-10-07 21:00:00,Day 4,Delhi,Forecast,28.6667,77.2167,30.47,30.95,30.47,30.47,45,1012,1.78,181,4,clear sky,0.0,3,38.91,89.3,2026-10-03 06:14:49,2026-10-03 18:05:34
2026-10-08 00:00:00,Day 5,Delhi,Forecast,28.6667,77.2167,30.03,29.11,30.03,30.03,34,1013,1.65,244,5,clear sky,0.0,3,38.91,89.3,2026-10-03 06:14:49,2026-10-03 18:05:34
2026-10-03 03:00:00,Today,Chennai,Forecast,13.0878,80.2785,28.69,33.89,28.69,30.06,80,1014,1.14,161,60,broken clouds,0.0,2,10.71,17.36,2026-10-03 05:58:07,2026-10-03 17:57:47
2026-10-03 06:00:00,Today,Chennai,Forecast,13.0878,80.2785,30.97,37.22,30.97,32.45,69,1014,4.67,112,54,broken clouds,0.0,2,10.71,17.36,2026-10-03 05:58:07,2026-10-03 17:57:47
2026-10-03 09:00:00,Today,Chennai,Forecast,13.0878,80.2785,32.68,39.68,32.68,32.68,63,1011,5.31,116,7,clear sky,0.0,2,10.71,17.36,2026-10-03 05:58:07,2026-10-03 17:57:47
2026-10-03 12:00:00,Today,Chennai,Forecast,13.0878,80.2785,30.44,36.68,30.44,30.44,72,1012,4.52,121,2,clear sky,0.0,2,10.71,17.36,2026-10-03 05:58:07,2026-10-03 17:57:47
2026-10-03 15:00:00,Today,Chennai,Forecast,13.0878,80.2785,29.77,35.19,29.77,29.77,73,1014,3.98,106,0,clear sky,0.0,2,10.71,17.36,2026-10-03 05:58:07,2026-10-03 17:57:47
2026-10-03 18:00:00,Today,Chennai,Forecast,13.0878,80.2785,29.02,32.77,29.02,29.02,70,1014,2.67,127,1,clear sky,0.0,2,10.71,17.36,2026-10-03 05:58:07,2026-10-03 17:57:47
2026-10-03 21:00:00,Today,Chennai,Forecast,13.0878,80.2785,28.47,31.6,28.47,28.47,70,1012,2.66,168,7,clear sky,0.0,2,10.71,17.36,2026-10-03 05:58:07,2026-10-03 17:57:47
2026-10-04 00:00:00,Day 1,Chennai,Forecast,13.0878,80.2785,27.36,29.79,27.36,27.36,73,1013,2.75,199,8,clear sky,0.0,2,10.71,17.36,2026-10-03 05:58:07,2026-10-03 17:57:47
2026-10-04 03:00:00,Day 1,Chennai,Forecast,13.0878,80.2785,31.43,37.21,31.43,31.43,65,1015,2.88,196,1,clear sky,0.0,2,10.71,17.36,2026-10-03 05:58:07,2026-10-03 17:57:47
2026-10-04 06:00:00,Day 1,Chennai,Forecast,13.0878,80.2785,33.4,40.4,33.4,33.4,60,1013,4.95,135,1,clear sky,0.0,2,10.71,17.36,2026-10-03 05:58:07,2026-10-03 17:57:47
2026-10-04 09:00:00,Day 1,Chennai,Forecast,13.0878,80.2785,33.35,40.05,33.35,33.35,59,1010,6.07,125,1,clear sky,0.0,2,10.71,17.36,2026-10-03 05:58:07,2026-10-03 17:57:47
2026-10-04 12:00:00,Day 1,Chennai,Forecast,13.0878,80.2785,30.83,36.57,30.83,30.83,68,1011,5.73,133,0,clear sky,0.0,2,10.71,17.36,2026-10-03 05:58:07,2026-10-03 17:57:47
2026-10-04 15:00:00,Day 1,Chennai,Forecast,13.0878,80.2785,30.21,37.16,30.21,30.21,76,1013,3.71,131,2,clear sky,0.0,2,10.71,17.36,2026-10-03 05:58:07,2026-10-03 17:57:47
2026-10-04 18:00:00,Day 1,Chennai,Forecast,13.0878,80.2785,29.26,35.24,29.26,29.26,79,1013,4.11,151,1,clear sky,0.0,2,10.71,17.36,2026-10-03 05:58:07,2026-10-03 17:57:47
2026-10-04 21:00:00,Day 1,Chennai,Forecast,13.0878,80.2785,27.54,30.73,27.54,27.54,78,1011,3.8,189,0,clear sky,0.0,2,10.71,17.36,2026-10-03 05:58:07,2026-10-03 17:57:47
2026-10-05 00:00:00,Day 2,Chennai,Forecast,13.0878,80.2785,27.19,30.06,27.19,27.19,79,1012,3.37,202,6,clear sky,0.0,2,10.71,17.36,2026-10-03 05:58:07,2026-10-03 17:57:47
2026-10-05 03:00:00,Day 2,Chennai,Forecast,13.0878,80.2785,29.49,33.01,29.49,29.49,66,1014,3.8,202,1,clear sky,0.0,2,10.71,17.36,2026-10-03 05:58:07,2026-10-03 17:57:47
2026-10-05 06:00:00,Day 2,Chennai,Forecast,13.0878,80.2785,31.8,35.76,31.8,31.8,57,1012,4.79,136,0,clear sky,0.0,2,10.71,17.36,2026-10-03 05:58:07,2026-10-03 17:57:47
2026-10-05 09:00:00,Day 2,Chennai,Forecast,13.0878,80.2785,30.26,35.17,30.26,30.26,68,1009,6.28,131,9,clear sky,0.0,2,10.71,17.36,2026-10-03 05:58:07,2026-10-03 17:57:47
2026-10-05 12:00:00,Day 2,Chennai,Forecast,13.0878,80.2785,29.27,33.73,29.27,29.27,72,1010,5.37,132,4,clear sky,0.0,2,10.71,17.36,2026-10-03 05:58:07,2026-10-03 17:57:47
2026-10-05 15:00:00,Day 2,Chennai,Forecast,13.0878,80.2785,28.48,32.97,28.48,28.48,78,1012,3.83,126,0,clear sky,0.0,2,10.71,17.36,2026-10-03 05:58:07,2026-10-03 17:57:47
2026-10-05 18:00:00,Day 2,Chennai,Forecast,13.0878,80.2785,28.11,32.06,28.11,28.11,78,1012,3.62,158,0,clear sky,0.0,2,10.71,17.36,2026-10-03 05:58:07,2026-10-03 17:57:47
2026-10-05 21:00:00,Day 2,Chennai,Forecast,13.0878,80.2785,27.62,31.04,27.62,27.62,79,1011,3.01,160,0,light rain,0.77,2,10.71,17.36,2026-10-03 05:58:07,2026-10-03 17:57:47
2026-10-06 00:00:00,Day 3,Chennai,Forecast,13.0878,80.2785,27.48,30.84,27.48,27.48,80,1012,2.98,179,0,clear sky,0.0,2,10.71,17.36,2026-10-03 05:58:07,2026-10-03 17:57:47
2026-10-06 03:00:00,Day 3,Chennai,Forecast,13.0878,80.2785,29.42,33.46,29.42,29.42,69,1014,2.83,189,5,light rain,1.21,2,10.71,17.36,2026-10-03 05:58:07,2026-10-03 17:57:47
2026-10-06 06:00:00,Day 3,Chennai,Forecast,13.0878,80.2785,31.23,35.34,31.23,31.23,60,1013,4.56,118,4,light rain,0.1,2,10.71,17.36,2026-10-03 05:58:07,2026-10-03 17:57:47
2026-10-06 09:00:00,Day 3,Chennai,Forecast,13.0878,80.2785,30.82,34.71,30.82,30.82,61,1010,5.0,108,12,few clouds,0.0,2,10.71,17.36,2026-10-03 05:58:07,2026-10-03 17:57:47
2026-10-06 12:00:00,Day 3,Chennai,Forecast,13.0878,80.2785,29.32,33.04,29.32,29.32,68,1011,3.98,108,18,few clouds,0.0,2,10.71,17.36,2026-10-03 05:58:07,2026-10-03 17:57:47
2026-10-06 15:00:00,Day 3,Chennai,Forecast,13.0878,80.2785,28.63,33.16,28.63,28.63,77,1013,4.67,109,9,clear sky,0.0,2,10.71,17.36,2026-10-03 05:58:07,2026-10-03 17:57:47
2026-10-06 18:00:00,Day 3,Chennai,Forecast,13.0878,80.2785,28.13,32.11,28.13,28.13,78,1014,3.71,118,36,scattered clouds,0.0,2,10.71,17.36,2026-10-03 05:58:07,2026-10-03 17:57:47
2026-10-06 21:00:00,Day 3,Chennai,Forecast,13.0878,80.2785,27.64,30.96,27.64,27.64,78,1012,2.64,134,31,scattered clouds,0.0,2,10.71,17.36,2026-10-03 05:58:07,2026-10-03 17:57:47
2026-10-07 00:00:00,Day 4,Chennai,Forecast,13.0878,80.2785,27.28,30.15,27.28,27.28,78,1013,2.29,148,21,light rain,0.44,2,10.71,17.36,2026-10-03 05:58:07,2026-10-03 17:57:47
2026-10-07 03:00:00,Day 4,Chennai,Forecast,13.0878,80.2785,29.15,33.06,29.15,29.15,70,1016,2.52,134,7,light rain,0.16,2,10.71,17.36,2026-10-03 05:58:07,2026-10-03 17:57:47
2026-10-07 06:00:00,Day 4,Chennai,Forecast,13.0878,80.2785,30.52,34.55,30.52,30.52,63,1015,4.99,104,6,clear sky,0.0,2,10.71,17.36,2026-10-03 05:58:07,2026-10-03 17:57:47
2026-10-07 09:00:00,Day 4,Chennai,Forecast,13.0878,80.2785,30.26,33.77,30.26,30.26,62,1012,4.88,104,0,clear sky,0.0,2,10.71,17.36,2026-10-03 05:58:07,2026-10-03 17:57:47
2026-10-07 12:00:00,Day 4,Chennai,Forecast,13.0878,80.2785,28.93,32.39,28.93,28.93,69,1013,4.75,102,0,clear sky,0.0,2,10.71,17.36,2026-10-03 05:58:07,2026-10-03 17:57:47
2026-10-07 15:00:00,Day 4,Chennai,Forecast,13.0878,80.2785,28.27,31.65,28.27,28.27,73,1015,3.37,113,0,clear sky,0.0,2,10.71,17.36,2026-10-03 05:58:07,2026-10-03 17:57:47
2026-10-07 18:00:00,Day 4,Chennai,Forecast,13.0878,80.2785,27.8,30.92,27.8,27.8,75,1015,3.01,125,1,clear sky,0.0,2,10.71,17.36,2026-10-03 05:58:07,2026-10-03 17:57:47
2026-10-07 21:00:00,Day 4,Chennai,Forecast,13.0878,80.2785,27.22,30.02,27.22,27.22,78,1014,1.99,149,4,clear sky,0.0,2,10.71,17.36,2026-10-03 05:58:07,2026-10-03 17:57:47
2026-10-08 00:00:00,Day 5,Chennai,Forecast,13.0878,80.2785,26.89,29.41,26.89,26.89,79,1015,1.64,180,8,clear sky,0.0,2,10.71,17.36,2026-10-03 05:58:07,2026-10-03 17:57:47
2026-10-03 03:00:00,Today,Kolkata,Forecast,22.5697,88.3697,28.32,34.58,28.32,31.03,89,1014,1.93,257,8,light rain,0.14,3,43.64,49.63,2026-10-03 05:28:22,2026-10-03 17:22:49
2026-10-03 06:00:00,Today,Kolkata,Forecast,22.5697,88.3697,32.01,38.69,32.01,34.53,65,1013,1.77,220,4,clear sky,0.0,3,43.64,49.63,2026-10-03 05:28:22,2026-10-03 17:22:49
2026-10-03 09:00:00,Today,Kolkata,Forecast,22.5697,88.3697,34.45,40.14,34.45,34.45,52,1010,2.15,211,57,broken clouds,0.0,3,43.64,49.63,2026-10-03 05:28:22,2026-10-03 17:22:49
2026-10-03 12:00:00,Today,Kolkata,Forecast,22.5697,88.3697,29.86,33.16,29.86,29.86,63,1010,3.02,210,74,broken clouds,0.0,3,43.64,49.63,2026-10-03 05:28:22,2026-10-03 17:22:49
2026-10-03 15:00:00,Today,Kolkata,Forecast,22.5697,88.3697,27.76,30.83,27.76,27.76,75,1013,3.15,228,42,scattered clouds,0.0,3,43.64,49.63,2026-10-03 05:28:22,2026-10-03 17:22:49
2026-10-03 18:00:00,Today,Kolkata,Forecast,22.5697,88.3697,26.6,26.6,26.6,26.6,79,1012,2.6,223,22,few clouds,0.0,3,43.64,49.63,2026-10-03 05:28:22,2026-10-03 17:22:49
2026-10-03 21:00:00,Today,Kolkata,Forecast,22.5697,88.3697,26.04,26.04,26.04,26.04,79,1011,2.29,239,0,clear sky,0.0,3,43.64,49.63,2026-10-03 05:28:22,2026-10-03 17:22:49
2026-10-04 00:00:00,Day 1,Kolkata,Forecast,22.5697,88.3697,25.55,26.3,25.55,25.55,82,1012,2.18,242,0,clear sky,0.0,3,43.64,49.63,2026-10-03 05:28:22,2026-10-03 17:22:49
2026-10-04 03:00:00,Day 1,Kolkata,Forecast,22.5697,88.3697,30.34,33.71,30.34,30.34,61,1013,2.09,248,0,clear sky,0.0,3,43.64,49.63,2026-10-03 05:28:22,2026-10-03 17:22:49
2026-10-04 06:00:00,Day 1,Kolkata,Forecast,22.5697,88.3697,33.78,35.56,33.78,33.78,42,1012,1.18,243,2,clear sky,0.0,3,43.64,49.63,2026-10-03 05:28:22,2026-10-03 17:22:49
2026-10-04 09:00:00,Day 1,Kolkata,Forecast,22.5697,88.3697,34.06,36.34,34.06,34.06,43,1009,2.21,264,27,scattered clouds,0.0,3,43.64,49.63,2026-10-03 05:28:22,2026-10-03 17:22:49
2026-10-04 12:00:00,Day 1,Kolkata,Forecast,22.5697,88.3697,30.81,32.69,30.81,30.81,52,1010,2.07,280,40,scattered clouds,0.0,3,43.64,49.63,2026-10-03 05:28:22,2026-10-03 17:22:49
2026-10-04 15:00:00,Day 1,Kolkata,Forecast,22.5697,88.3697,28.1,30.2,28.1,28.1,65,1012,2.42,209,25,scattered clouds,0.0,3,43.64,49.63,2026-10-03 05:28:22,2026-10-03 17:22:49
2026-10-04 18:00:00,Day 1,Kolkata,Forecast,22.5697,88.3697,26.93,28.82,26.93,26.93,71,1011,2.07,227,17,few clouds,0.0,3,43.64,49.63,2026-10-03 05:28:22,2026-10-03 17:22:49
2026-10-04 21:00:00,Day 1,Kolkata,Forecast,22.5697,88.3697,26.12,26.12,26.12,26.12,74,1010,2.64,250,23,few clouds,0.0,3,43.64,49.63,2026-10-03 05:28:22,2026-10-03 17:22:49
2026-10-05 00:00:00,Day 2,Kolkata,Forecast,22.5697,88.3697,25.51,26.1,25.51,25.51,76,1011,1.94,257,15,few clouds,0.0,3,43.64,49.63,2026-10-03 05:28:22,2026-10-03 17:22:49
2026-10-05 03:00:00,Day 2,Kolkata,Forecast,22.5697,88.3697,30.04,32.91,30.04,30.04,60,1012,2.02,271,8,clear sky,0.0,3,43.64,49.63,2026-10-03 05:28:22,2026-10-03 17:22:49
2026-10-05 06:00:00,Day 2,Kolkata,Forecast,22.5697,88.3697,33.79,35.07,33.79,33.79,40,1011,2.07,262,4,clear sky,0.0,3,43.64,49.63,2026-10-03 05:28:22,2026-10-03 17:22:49
2026-10-05 09:00:00,Day 2,Kolkata,Forecast,22.5697,88.3697,34.05,35.26,34.05,34.05,39,1008,2.77,269,17,few clouds,0.0,3,43.64,49.63,2026-10-03 05:28:22,2026-10-03 17:22:49
2026-10-05 12:00:00,Day 2,Kolkata,Forecast,22.5697,88.3697,30.45,31.39,30.45,30.45,48,1009,3.24,302,30,scattered clouds,0.0,3,43.64,49.63,2026-10-03 05:28:22,2026-10-03 17:22:49
2026-10-05 15:00:00,Day 2,Kolkata,Forecast,22.5697,88.3697,28.43,29.05,28.43,28.43,51,1011,1.06,295,4,clear sky,0.0,3,43.64,49.63,2026-10-03 05:28:22,2026-10-03 17:22:49
2026-10-05 18:00:00,Day 2,Kolkata,Forecast,22.5697,88.3697,26.94,27.87,26.94,26.94,58,1011,1.07,225,5,clear sky,0.0,3,43.64,49.63,2026-10-03 05:28:22,2026-10-03 17:22:49
2026-10-05 21:00:00,Day 2,Kolkata,Forecast,22.5697,88.3697,26.34,26.34,26.34,26.34,61,1010,1.69,230,0,clear sky,0.0,3,43.64,49.63,2026-10-03 05:28:22,2026-10-03 17:22:49
2026-10-06 00:00:00,Day 3,Kolkata,Forecast,22.5697,88.3697,25.04,25.35,25.04,25.04,67,1012,2.17,267,0,clear sky,0.0,3,43.64,49.63,2026-10-03 05:28:22,2026-10-03 17:22:49
2026-10-06 03:00:00,Day 3,Kolkata,Forecast,22.5697,88.3697,29.98,31.51,29.98,29.98,53,1014,2.2,282,0,clear sky,0.0,3,43.64,49.63,2026-10-03 05:28:22,2026-10-03 17:22:49
2026-10-06 06:00:00,Day 3,Kolkata,Forecast,22.5697,88.3697,33.51,34.6,33.51,33.51,40,1012,1.54,278,0,clear sky,0.0,3,43.64,49.63,2026-10-03 05:28:22,2026-10-03 17:22:49
2026-10-06 09:00:00,Day 3,Kolkata,Forecast,22.5697,88.3697,34.25,35.1,34.25,34.25,37,1010,1.24,243,7,clear sky,0.0,3,43.64,49.63,2026-10-03 05:28:22,2026-10-03 17:22:49
2026-10-06 12:00:00,Day 3,Kolkata,Forecast,22.5697,88.3697,30.54,31.87,30.54,30.54,50,1010,1.08,252,39,scattered clouds,0.0,3,43.64,49.63,2026-10-03 05:28:22,2026-10-03 17:22:49
2026-10-06 15:00:00,Day 3,Kolkata,Forecast,22.5697,88.3697,29.69,30.9,29.69,29.69,52,1013,0.56,24,85,overcast clouds,0.0,3,43.64,49.63,2026-10-03 05:28:22,2026-10-03 17:22:49
2026-10-06 18:00:00,Day 3,Kolkata,Forecast,22.5697,88.3697,28.42,29.96,28.42,28.42,59,1013,0.74,44,83,broken clouds,0.0,3,43.64,49.63,2026-10-03 05:28:22,2026-10-03 17:22:49
2026-10-06 21:00:00,Day 3,Kolkata,Forecast,22.5697,88.3697,27.53,29.06,27.53,27.53,63,1012,1.02,326,91,overcast clouds,0.0,3,43.64,49.63,2026-10-03 05:28:22,2026-10-03 17:22:49
2026-10-07 00:00:00,Day 4,Kolkata,Forecast,22.5697,88.3697,26.64,26.64,26.64,26.64,65,1014,1.61,316,82,broken clouds,0.0,3,43.64,49.63,2026-10-03 05:28:22,2026-10-03 17:22:49
2026-10-07 03:00:00,Day 4,Kolkata,Forecast,22.5697,88.3697,28.93,30.92,28.93,28.93,60,1016,1.73,296,97,overcast clouds,0.0,3,43.64,49.63,2026-10-03 05:28:22,2026-10-03 17:22:49
2026-10-07 06:00:00,Day 4,Kolkata,Forecast,22.5697,88.3697,32.72,34.94,32.72,32.72,47,1014,1.22,12,76,broken clouds,0.0,3,43.64,49.63,2026-10-03 05:28:22,2026-10-03 17:22:49
2026-10-07 09:00:00,Day 4,Kolkata,Forecast,22.5697,88.3697,33.7,35.17,33.7,33.7,41,1011,0.66,163,24,few clouds,0.0,3,43.64,49.63,2026-10-03 05:28:22,2026-10-03 17:22:49
2026-10-07 12:00:00,Day 4,Kolkata,Forecast,22.5697,88.3697,30.66,32.06,30.66,30.66,50,1012,1.65,329,54,broken clouds,0.0,3,43.64,49.63,2026-10-03 05:28:22,2026-10-03 17:22:49
2026-10-07 15:00:00,Day 4,Kolkata,Forecast,22.5697,88.3697,29.43,31.44,29.43,29.43,58,1014,1.47,192,87,overcast clouds,0.0,3,43.64,49.63,2026-10-03 05:28:22,2026-10-03 17:22:49
2026-10-07 18:00:00,Day 4,Kolkata,Forecast,22.5697,88.3697,28.25,30.6,28.25,28.25,66,1013,3.04,234,95,overcast clouds,0.0,3,43.64,49.63,2026-10-03 05:28:22,2026-10-03 17:22:49
2026-10-07 21:00:00,Day 4,Kolkata,Forecast,22.5697,88.3697,27.02,28.48,27.02,27.02,65,1013,2.57,241,57,broken clouds,0.0,3,43.64,49.63,2026-10-03 05:28:22,2026-10-03 17:22:49
2026-10-08 00:00:00,Day 5,Kolkata,Forecast,22.5697,88.3697,27.08,28.49,27.08,27.08,64,1014,1.74,263,74,broken clouds,0.0,3,43.64,49.63,2026-10-03 05:28:22,2026-10-03 17:22:49
2026-10-03 03:00:00,Today,Hyderabad,Forecast,17.3753,78.4744,26.33,26.33,26.33,28.36,72,1016,3.08,102,50,scattered clouds,0.0,2,14.01,17.75,2026-10-03 06:06:30,2026-10-03 18:03:50
2026-10-03 06:00:00,Today,Hyderabad,Forecast,17.3753,78.4744,30.04,31.6,30.04,32.4,53,1015,2.73,90,45,scattered clouds,0.0,2,14.01,17.75,2026-10-03 06:06:30,2026-10-03 18:03:50
2026-10-03 09:00:00,Today,Hyderabad,Forecast,17.3753,78.4744,33.44,33.43,33.44,33.44,35,1012,2.16,56,78,broken clouds,0.0,2,14.01,17.75,2026-10-03 06:06:30,2026-10-03 18:03:50
2026-10-03 12:00:00,Today,Hyderabad,Forecast,17.3753,78.4744,32.17,34.43,32.17,32.17,49,1012,2.99,20,79,broken clouds,0.0,2,14.01,17.75,2026-10-03 06:06:30,2026-10-03 18:03:50
2026-10-03 15:00:00,Today,Hyderabad,Forecast,17.3753,78.4744,28.57,30.6,28.57,28.57,62,1015,2.29,57,100,light rain,0.62,2,14.01,17.75,2026-10-03 06:06:30,2026-10-03 18:03:50
2026-10-03 18:00:00,Today,Hyderabad,Forecast,17.3753,78.4744,27.95,30.7,27.95,27.95,71,1015,2.62,106,98,overcast clouds,0.0,2,14.01,17.75,2026-10-03 06:06:30,2026-10-03 18:03:50
2026-10-03 21:00:00,Today,Hyderabad,Forecast,17.3753,78.4744,26.25,26.25,26.25,26.25,76,1013,2.37,93,98,overcast clouds,0.0,2,14.01,17.75,2026-10-03 06:06:30,2026-10-03 18:03:50
2026-10-04 00:00:00,Day 1,Hyderabad,Forecast,17.3753,78.4744,24.45,25.07,24.45,24.45,81,1014,2.2,88,94,overcast clouds,0.0,2,14.01,17.75,2026-10-03 06:06:30,2026-10-03 18:03:50
2026-10-04 03:00:00,Day 1,Hyderabad,Forecast,17.3753,78.4744,28.95,32.08,28.95,28.95,67,1016,2.74,104,84,broken clouds,0.0,2,14.01,17.75,2026-10-03 06:06:30,2026-10-03 18:03:50
2026-10-04 06:00:00,Day 1,Hyderabad,Forecast,17.3753,78.4744,33.73,35.22,33.73,33.73,41,1014,2.58,63,55,broken clouds,0.0,2,14.01,17.75,2026-10-03 06:06:30,2026-10-03 18:03:50
2026-10-04 09:00:00,Day 1,Hyderabad,Forecast,17.3753,78.4744,33.1,33.94,33.1,33.1,40,1011,2.9,13,38,scattered clouds,0.0,2,14.01,17.75,2026-10-03 06:06:30,2026-10-03 18:03:50
2026-10-04 12:00:00,Day 1,Hyderabad,Forecast,17.3753,78.4744,31.5,33.04,31.5,31.5,48,1012,3.19,8,49,scattered clouds,0.0,2,14.01,17.75,2026-10-03 06:06:30,2026-10-03 18:03:50
2026-10-04 15:00:00,Day 1,Hyderabad,Forecast,17.3753,78.4744,27.35,28.29,27.35,27.35,57,1014,2.67,47,79,broken clouds,0.0,2,14.01,17.75,2026-10-03 06:06:30,2026-10-03 18:03:50
2026-10-04 18:00:00,Day 1,Hyderabad,Forecast,17.3753,78.4744,26.49,26.49,26.49,26.49,63,1014,2.87,82,56,broken clouds,0.0,2,14.01,17.75,2026-10-03 06:06:30,2026-10-03 18:03:50
2026-10-04 21:00:00,Day 1,Hyderabad,Forecast,17.3753,78.4744,23.25,23.28,23.25,23.25,63,1012,2.07,99,94,overcast clouds,0.0,2,14.01,17.75,2026-10-03 06:06:30,2026-10-03 18:03:50
2026-10-05 00:00:00,Day 2,Hyderabad,Forecast,17.3753,78.4744,22.68,22.73,22.68,22.68,66,1013,1.8,112,97,overcast clouds,0.0,2,14.01,17.75,2026-10-03 06:06:30,2026-10-03 18:03:50
2026-10-05 03:00:00,Day 2,Hyderabad,Forecast,17.3753,78.4744,26.56,26.56,26.56,26.56,55,1015,2.17,99,70,broken clouds,0.0,2,14.01,17.75,2026-10-03 06:06:30,2026-10-03 18:03:50
2026-10-05 06:00:00,Day 2,Hyderabad,Forecast,17.3753,78.4744,31.3,30.74,31.3,31.3,36,1013,1.81,26,57,broken clouds,0.0,2,14.01,17.75,2026-10-03 06:06:30,2026-10-03 18:03:50
2026-10-05 09:00:00,Day 2,Hyderabad,Forecast,17.3753,78.4744,32.56,31.47,32.56,32.56,30,1010,3.64,337,18,few clouds,0.0,2,14.01,17.75,2026-10-03 06:06:30,2026-10-03 18:03:50
2026-10-05 12:00:00,Day 2,Hyderabad,Forecast,17.3753,78.4744,28.81,28.78,28.81,28.81,44,1011,3.9,348,15,few clouds,0.0,2,14.01,17.75,2026-10-03 06:06:30,2026-10-03 18:03:50
2026-10-05 15:00:00,Day 2,Hyderabad,Forecast,17.3753,78.4744,25.58,25.55,25.58,25.58,52,1013,3.61,11,4,clear sky,0.0,2,14.01,17.75,2026-10-03 06:06:30,2026-10-03 18:03:50
2026-10-05 18:00:00,Day 2,Hyderabad,Forecast,17.3753,78.4744,23.63,23.51,23.63,23.63,56,1014,2.36,60,2,clear sky,0.0,2,14.01,17.75,2026-10-03 06:06:30,2026-10-03 18:03:50
2026-10-05 21:00:00,Day 2,Hyderabad,Forecast,17.3753,78.4744,22.29,22.06,22.29,22.29,57,1013,1.58,70,0,clear sky,0.0,2,14.01,17.75,2026-10-03 06:06:30,2026-10-03 18:03:50
2026-10-06 00:00:00,Day 3,Hyderabad,Forecast,17.3753,78.4744,21.64,21.64,21.64,21.64,68,1014,1.69,83,1,clear sky,0.0,2,14.01,17.75,2026-10-03 06:06:30,2026-10-03 18:03:50
2026-10-06 03:00:00,Day 3,Hyderabad,Forecast,17.3753,78.4744,26.23,26.23,26.23,26.23,61,1016,3.0,94,2,clear sky,0.0,2,14.01,17.75,2026-10-03 06:06:30,2026-10-03 18:03:50
2026-10-06 06:00:00,Day 3,Hyderabad,Forecast,17.3753,78.4744,31.08,30.47,31.08,31.08,36,1014,3.18,101,1,clear sky,0.0,2,14.01,17.75,2026-10-03 06:06:30,2026-10-03 18:03:50
2026-10-06 09:00:00,Day 3,Hyderabad,Forecast,17.3753,78.4744,32.43,31.19,32.43,32.43,29,1011,3.19,89,1,clear sky,0.0,2,14.01,17.75,2026-10-03 06:06:30,2026-10-03 18:03:50
2026-10-06 12:00:00,Day 3,Hyderabad,Forecast,17.3753,78.4744,29.32,28.94,29.32,29.32,40,1012,3.03,92,3,clear sky,0.0,2,14.01,17.75,2026-10-03 06:06:30,2026-10-03 18:03:50
2026-10-06 15:00:00,Day 3,Hyderabad,Forecast,17.3753,78.4744,25.12,25.33,25.12,25.12,63,1015,3.84,54,5,clear sky,0.0,2,14.01,17.75,2026-10-03 06:06:30,2026-10-03 18:03:50
2026-10-06 18:00:00,Day 3,Hyderabad,Forecast,17.3753,78.4744,23.66,23.94,23.66,23.66,71,1015,2.55,72,2,clear sky,0.0,2,14.01,17.75,2026-10-03 06:06:30,2026-10-03 18:03:50
2026-10-06 21:00:00,Day 3,Hyderabad,Forecast,17.3753,78.4744,22.55,22.87,22.55,22.55,77,1014,2.31,91,0,clear sky,0.0,2,14.01,17.75,2026-10-03 06:06:30,2026-10-03 18:03:50
2026-10-07 00:00:00,Day 4,Hyderabad,Forecast,17.3753,78.4744,21.93,22.29,21.93,21.93,81,1015,2.28,113,0,clear sky,0.0,2,14.01,17.75,2026-10-03 06:06:30,2026-10-03 18:03:50
2026-10-07 03:00:00,Day 4,Hyderabad,Forecast,17.3753,78.4744,26.8,28.03,26.8,26.8,63,1017,3.29,109,1,clear sky,0.0,2,14.01,17.75,2026-10-03 06:06:30,2026-10-03 18:03:50
2026-10-07 06:00:00,Day 4,Hyderabad,Forecast,17.3753,78.4744,31.26,32.09,31.26,31.26,45,1016,4.07,92,1,clear sky,0.0,2,14.01,17.75,2026-10-03 06:06:30,2026-10-03 18:03:50
2026-10-07 09:00:00,Day 4,Hyderabad,Forecast,17.3753,78.4744,32.87,32.98,32.87,32.87,37,1013,4.77,88,9,clear sky,0.0,2,14.01,17.75,2026-10-03 06:06:30,2026-10-03 18:03:50
2026-10-07 12:00:00,Day 4,Hyderabad,Forecast,17.3753,78.4744,29.12,29.69,29.12,29.12,49,1013,3.34,98,43,scattered clouds,0.0,2,14.01,17.75,2026-10-03 06:06:30,2026-10-03 18:03:50
2026-10-07 15:00:00,Day 4,Hyderabad,Forecast,17.3753,78.4744,26.56,26.56,26.56,26.56,61,1016,3.59,66,46,scattered clouds,0.0,2,14.01,17.75,2026-10-03 06:06:30,2026-10-03 18:03:50
2026-10-07 18:00:00,Day 4,Hyderabad,Forecast,17.3753,78.4744,24.61,25.03,24.61,24.61,73,1016,2.19,76,29,scattered clouds,0.0,2,14.01,17.75,2026-10-03 06:06:30,2026-10-03 18:03:50
2026-10-07 21:00:00,Day 4,Hyderabad,Forecast,17.3753,78.4744,23.57,23.91,23.57,23.57,74,1015,2.16,56,5,clear sky,0.0,2,14.01,17.75,2026-10-03 06:06:30,2026-10-03 18:03:50
2026-10-08 00:00:00,Day 5,Hyderabad,Forecast,17.3753,78.4744,23.09,23.39,23.09,23.09,74,1016,2.03,70,6,clear sky,0.0,2,14.01,17.75,2026-10-03 06:06:30,2026-10-03 18:03:50
2026-10-03 03:00:00,Today,Ahmedabad,Forecast,23.0333,72.6167,24.37,24.48,24.37,27.07,62,1015,2.11,341,0,clear sky,0.0,2,17.57,35.91,2026-10-03 06:31:32,2026-10-03 18:25:39
2026-10-03 06:00:00,Today,Ahmedabad,Forecast,23.0333,72.6167,29.05,29.26,29.05,32.06,46,1015,2.86,326,0,clear sky,0.0,2,17.57,35.91,2026-10-03 06:31:32,2026-10-03 18:25:39
2026-10-03 09:00:00,Today,Ahmedabad,Forecast,23.0333,72.6167,34.25,32.44,34.25,34.25,22,1012,1.76,310,0,clear sky,0.0,2,17.57,35.91,2026-10-03 06:31:32,2026-10-03 18:25:39
2026-10-03 12:00:00,Today,Ahmedabad,Forecast,23.0333,72.6167,33.35,32.29,33.35,33.35,29,1012,1.72,8,0,clear sky,0.0,2,17.57,35.91,2026-10-03 06:31:32,2026-10-03 18:25:39
2026-10-03 15:00:00,Today,Ahmedabad,Forecast,23.0333,72.6167,28.85,28.06,28.85,28.85,35,1014,0.27,260,0,clear sky,0.0,2,17.57,35.91,2026-10-03 06:31:32,2026-10-03 18:25:39
2026-10-03 18:00:00,Today,Ahmedabad,Forecast,23.0333,72.6167,28.16,27.6,28.16,28.16,37,1013,1.49,3,0,clear sky,0.0,2,17.57,35.91,2026-10-03 06:31:32,2026-10-03 18:25:39
2026-10-03 21:00:00,Today,Ahmedabad,Forecast,23.0333,72.6167,25.65,25.52,25.65,25.65,48,1012,2.08,310,0,clear sky,0.0,2,17.57,35.91,2026-10-03 06:31:32,2026-10-03 18:25:39
2026-10-04 00:00:00,Day 1,Ahmedabad,Forecast,23.0333,72.6167,24.04,23.83,24.04,24.04,51,1012,1.26,331,0,clear sky,0.0,2,17.57,35.91,2026-10-03 06:31:32,2026-10-03 18:25:39
2026-10-04 03:00:00,Day 1,Ahmedabad,Forecast,23.0333,72.6167,27.69,27.88,27.69,27.69,47,1014,1.19,336,0,clear sky,0.0,2,17.57,35.91,2026-10-03 06:31:32,2026-10-03 18:25:39
2026-10-04 06:00:00,Day 1,Ahmedabad,Forecast,23.0333,72.6167,32.01,31.63,32.01,32.01,36,1014,1.88,266,0,clear sky,0.0,2,17.57,35.91,2026-10-03 06:31:32,2026-10-03 18:25:39
2026-10-04 09:00:00,Day 1,Ahmedabad,Forecast,23.0333,72.6167,34.2,33.05,34.2,34.2,27,1011,2.59,239,0,clear sky,0.0,2,17.57,35.91,2026-10-03 06:31:32,2026-10-03 18:25:39
2026-10-04 12:00:00,Day 1,Ahmedabad,Forecast,23.0333,72.6167,33.16,32.67,33.16,33.16,33,1010,1.01,249,0,clear sky,0.0,2,17.57,35.91,2026-10-03 06:31:32,2026-10-03 18:25:39
2026-10-04 15:00:00,Day 1,Ahmedabad,Forecast,23.0333,72.6167,29.32,28.66,29.32,29.32,37,1012,0.98,79,0,clear sky,0.0,2,17.57,35.91,2026-10-03 06:31:32,2026-10-03 18:25:39
2026-10-04 18:00:00,Day 1,Ahmedabad,Forecast,23.0333,72.6167,27.65,27.49,27.65,27.65,42,1012,2.24,220,0,clear sky,0.0,2,17.57,35.91,2026-10-03 06:31:32,2026-10-03 18:25:39
2026-10-04 21:00:00,Day 1,Ahmedabad,Forecast,23.0333,72.6167,27.77,28.45,27.77,27.77,53,1011,2.66,290,0,clear sky,0.0,2,17.57,35.91,2026-10-03 06:31:32,2026-10-03 18:25:39
2026-10-05 00:00:00,Day 2,Ahmedabad,Forecast,23.0333,72.6167,26.55,26.55,26.55,26.55,66,1011,3.04,304,0,clear sky,0.0,2,17.57,35.91,2026-10-03 06:31:32,2026-10-03 18:25:39
2026-10-05 03:00:00,Day 2,Ahmedabad,Forecast,23.0333,72.6167,28.4,30.06,28.4,28.4,60,1013,1.81,328,0,clear sky,0.0,2,17.57,35.91,2026-10-03 06:31:32,2026-10-03 18:25:39
2026-10-05 06:00:00,Day 2,Ahmedabad,Forecast,23.0333,72.6167,33.06,34.1,33.06,33.06,41,1013,1.35,230,0,clear sky,0.0,2,17.57,35.91,2026-10-03 06:31:32,2026-10-03 18:25:39
2026-10-05 09:00:00,Day 2,Ahmedabad,Forecast,23.0333,72.6167,35.62,35.58,35.62,35.62,30,1010,2.81,225,0,clear sky,0.0,2,17.57,35.91,2026-10-03 06:31:32,2026-10-03 18:25:39
2026-10-05 12:00:00,Day 2,Ahmedabad,Forecast,23.0333,72.6167,34.59,34.71,34.59,34.59,33,1009,1.19,205,0,clear sky,0.0,2,17.57,35.91,2026-10-03 06:31:32,2026-10-03 18:25:39
2026-10-05 15:00:00,Day 2,Ahmedabad,Forecast,23.0333,72.6167,30.4,30.29,30.4,30.4,41,1011,2.17,172,0,clear sky,0.0,2,17.57,35.91,2026-10-03 06:31:32,2026-10-03 18:25:39
2026-10-05 18:00:00,Day 2,Ahmedabad,Forecast,23.0333,72.6167,28.99,30.16,28.99,28.99,54,1012,2.07,211,7,clear sky,0.0,2,17.57,35.91,2026-10-03 06:31:32,2026-10-03 18:25:39
2026-10-05 21:00:00,Day 2,Ahmedabad,Forecast,23.0333,72.6167,27.55,29.0,27.55,27.55,62,1011,3.62,285,21,few clouds,0.0,2,17.57,35.91,2026-10-03 06:31:32,2026-10-03 18:25:39
2026-10-06 00:00:00,Day 3,Ahmedabad,Forecast,23.0333,72.6167,26.5,26.5,26.5,26.5,71,1012,3.25,308,11,few clouds,0.0,2,17.57,35.91,2026-10-03 06:31:32,2026-10-03 18:25:39
2026-10-06 03:00:00,Day 3,Ahmedabad,Forecast,23.0333,72.6167,28.48,30.73,28.48,28.48,64,1014,1.87,324,0,clear sky,0.0,2,17.57,35.91,2026-10-03 06:31:32,2026-10-03 18:25:39
2026-10-06 06:00:00,Day 3,Ahmedabad,Forecast,23.0333,72.6167,32.64,34.55,32.64,32.64,46,1014,1.49,230,0,clear sky,0.0,2,17.57,35.91,2026-10-03 06:31:32,2026-10-03 18:25:39
2026-10-06 09:00:00,Day 3,Ahmedabad,Forecast,23.0333,72.6167,35.2,36.16,35.2,35.2,35,1011,2.77,213,0,clear sky,0.0,2,17.57,35.91,2026-10-03 06:31:32,2026-10-03 18:25:39
2026-10-06 12:00:00,Day 3,Ahmedabad,Forecast,23.0333,72.6167,34.38,35.31,34.38,34.38,37,1011,1.53,163,0,clear sky,0.0,2,17.57,35.91,2026-10-03 06:31:32,2026-10-03 18:25:39
2026-10-06 15:00:00,Day 3,Ahmedabad,Forecast,23.0333,72.6167,31.31,31.81,31.31,31.31,43,1013,2.44,160,0,clear sky,0.0,2,17.57,35.91,2026-10-03 06:31:32,2026-10-03 18:25:39
2026-10-06 18:00:00,Day 3,Ahmedabad,Forecast,23.0333,72.6167,29.65,30.13,29.65,29.65,47,1013,2.05,155,0,clear sky,0.0,2,17.57,35.91,2026-10-03 06:31:32,2026-10-03 18:25:39
2026-10-06 21:00:00,Day 3,Ahmedabad,Forecast,23.0333,72.6167,28.48,28.61,28.48,28.48,46,1012,1.19,283,0,clear sky,0.0,2,17.57,35.91,2026-10-03 06:31:32,2026-10-03 18:25:39
2026-10-07 00:00:00,Day 4,Ahmedabad,Forecast,23.0333,72.6167,27.24,28.08,27.24,27.24,56,1013,1.78,326,0,clear sky,0.0,2,17.57,35.91,2026-10-03 06:31:32,2026-10-03 18:25:39
2026-10-07 03:00:00,Day 4,Ahmedabad,Forecast,23.0333,72.6167,29.22,30.08,29.22,29.22,51,1016,0.87,177,0,clear sky,0.0,2,17.57,35.91,2026-10-03 06:31:32,2026-10-03 18:25:39
2026-10-07 06:00:00,Day 4,Ahmedabad,Forecast,23.0333,72.6167,34.28,34.91,34.28,34.28,36,1016,0.92,125,0,clear sky,0.0,2,17.57,35.91,2026-10-03 06:31:32,2026-10-03 18:25:39
2026-10-07 09:00:00,Day 4,Ahmedabad,Forecast,23.0333,72.6167,36.57,36.53,36.57,36.57,28,1013,2.67,157,0,clear sky,0.0,2,17.57,35.91,2026-10-03 06:31:32,2026-10-03 18:25:39
2026-10-07 12:00:00,Day 4,Ahmedabad,Forecast,23.0333,72.6167,35.11,35.51,35.11,35.11,33,1013,2.64,174,0,clear sky,0.0,2,17.57,35.91,2026-10-03 06:31:32,2026-10-03 18:25:39
2026-10-07 15:00:00,Day 4,Ahmedabad,Forecast,23.0333,72.6167,32.86,32.27,32.86,32.86,33,1014,1.07,34,5,clear sky,0.0,2,17.57,35.91,2026-10-03 06:31:32,2026-10-03 18:25:39
2026-10-07 18:00:00,Day 4,Ahmedabad,Forecast,23.0333,72.6167,30.86,30.6,30.86,30.86,39,1014,2.07,26,2,clear sky,0.0,2,17.57,35.91,2026-10-03 06:31:32,2026-10-03 18:25:39
2026-10-07 21:00:00,Day 4,Ahmedabad,Forecast,23.0333,72.6167,29.05,29.05,29.05,29.05,44,1014,1.54,323,0,clear sky,0.0,2,17.57,35.91,2026-10-03 06:31:32,2026-10-03 18:25:39
2026-10-08 00:00:00,Day 5,Ahmedabad,Forecast,23.0333,72.6167,28.21,28.24,28.21,28.21,45,1015,1.59,34,0,clear sky,0.0,2,17.57,35.91,2026-10-03 06:31:32,2026-10-03 18:25:39
2026-10-03 03:00:00,Today,Pune,Forecast,18.5196,73.8553,25.88,26.17,25.88,28.61,63,1016,2.13,104,45,scattered clouds,0.0,3,49.41,57.15,2026-10-03 06:25:17,2026-10-03 18:21:59
2026-10-03 06:00:00,Today,Pune,Forecast,18.5196,73.8553,30.47,31.42,30.47,33.44,48,1016,2.67,102,47,scattered clouds,0.0,3,49.41,57.15,2026-10-03 06:25:17,2026-10-03 18:21:59
2026-10-03 09:00:00,Today,Pune,Forecast,18.5196,73.8553,35.17,35.14,35.17,35.17,31,1013,1.3,301,13,few clouds,0.0,3,49.41,57.15,2026-10-03 06:25:17,2026-10-03 18:21:59
2026-10-03 12:00:00,Today,Pune,Forecast,18.5196,73.8553,30.71,31.61,30.71,30.71,47,1013,4.58,302,44,scattered clouds,0.0,3,49.41,57.15,2026-10-03 06:25:17,2026-10-03 18:21:59
2026-10-03 15:00:00,Today,Pune,Forecast,18.5196,73.8553,27.29,28.37,27.29,27.29,59,1015,2.67,279,70,broken clouds,0.0,3,49.41,57.15,2026-10-03 06:25:17,2026-10-03 18:21:59
2026-10-03 18:00:00,Today,Pune,Forecast,18.5196,73.8553,26.62,26.62,26.62,26.62,65,1015,2.39,249,74,broken clouds,0.0,3,49.41,57.15,2026-10-03 06:25:17,2026-10-03 18:21:59
2026-10-03 21:00:00,Today,Pune,Forecast,18.5196,73.8553,24.86,25.12,24.86,24.86,66,1014,0.87,343,100,overcast clouds,0.0,3,49.41,57.15,2026-10-03 06:25:17,2026-10-03 18:21:59
2026-10-04 00:00:00,Day 1,Pune,Forecast,18.5196,73.8553,23.65,23.77,23.65,23.65,65,1014,0.48,345,99,overcast clouds,0.0,3,49.41,57.15,2026-10-03 06:25:17,2026-10-03 18:21:59
2026-10-04 03:00:00,Day 1,Pune,Forecast,18.5196,73.8553,28.77,29.37,28.77,28.77,50,1016,1.62,41,69,broken clouds,0.0,3,49.41,57.15,2026-10-03 06:25:17,2026-10-03 18:21:59
2026-10-04 06:00:00,Day 1,Pune,Forecast,18.5196,73.8553,34.22,34.59,34.22,34.22,35,1015,2.78,88,42,scattered clouds,0.0,3,49.41,57.15,2026-10-03 06:25:17,2026-10-03 18:21:59
2026-10-04 09:00:00,Day 1,Pune,Forecast,18.5196,73.8553,31.93,30.85,31.93,31.93,31,1012,1.08,147,60,broken clouds,0.0,3,49.41,57.15,2026-10-03 06:25:17,2026-10-03 18:21:59
2026-10-04 12:00:00,Day 1,Pune,Forecast,18.5196,73.8553,29.32,29.14,29.32,29.32,42,1012,2.54,270,80,broken clouds,0.0,3,49.41,57.15,2026-10-03 06:25:17,2026-10-03 18:21:59
2026-10-04 15:00:00,Day 1,Pune,Forecast,18.5196,73.8553,25.86,26.25,25.86,25.86,67,1014,2.53,260,95,overcast clouds,0.0,3,49.41,57.15,2026-10-03 06:25:17,2026-10-03 18:21:59
2026-10-04 18:00:00,Day 1,Pune,Forecast,18.5196,73.8553,24.28,24.64,24.28,24.28,72,1014,2.17,264,54,broken clouds,0.0,3,49.41,57.15,2026-10-03 06:25:17,2026-10-03 18:21:59
2026-10-04 21:00:00,Day 1,Pune,Forecast,18.5196,73.8553,23.34,23.64,23.34,23.34,73,1013,0.56,327,1,clear sky,0.0,3,49.41,57.15,2026-10-03 06:25:17,2026-10-03 18:21:59
2026-10-05 00:00:00,Day 2,Pune,Forecast,18.5196,73.8553,22.58,22.8,22.58,22.58,73,1013,0.65,302,0,clear sky,0.0,3,49.41,57.15,2026-10-03 06:25:17,2026-10-03 18:21:59
2026-10-05 03:00:00,Day 2,Pune,Forecast,18.5196,73.8553,26.25,26.25,26.25,26.25,56,1015,1.59,51,0,clear sky,0.0,3,49.41,57.15,2026-10-03 06:25:17,2026-10-03 18:21:59
2026-10-05 06:00:00,Day 2,Pune,Forecast,18.5196,73.8553,31.02,29.95,31.02,31.02,32,1014,2.36,82,0,clear sky,0.0,3,49.41,57.15,2026-10-03 06:25:17,2026-10-03 18:21:59
2026-10-05 09:00:00,Day 2,Pune,Forecast,18.5196,73.8553,32.95,31.55,32.95,32.95,27,1011,0.16,86,0,clear sky,0.0,3,49.41,57.15,2026-10-03 06:25:17,2026-10-03 18:21:59
2026-10-05 12:00:00,Day 2,Pune,Forecast,18.5196,73.8553,30.9,31.23,30.9,30.9,43,1011,3.05,280,0,clear sky,0.0,3,49.41,57.15,2026-10-03 06:25:17,2026-10-03 18:21:59
2026-10-05 15:00:00,Day 2,Pune,Forecast,18.5196,73.8553,25.05,25.57,25.05,25.05,75,1014,2.76,270,0,clear sky,0.0,3,49.41,57.15,2026-10-03 06:25:17,2026-10-03 18:21:59
2026-10-05 18:00:00,Day 2,Pune,Forecast,18.5196,73.8553,23.73,24.22,23.73,23.73,79,1014,2.73,249,0,clear sky,0.0,3,49.41,57.15,2026-10-03 06:25:17,2026-10-03 18:21:59
2026-10-05 21:00:00,Day 2,Pune,Forecast,18.5196,73.8553,22.82,23.19,22.82,22.82,78,1013,1.45,306,0,clear sky,0.0,3,49.41,57.15,2026-10-03 06:25:17,2026-10-03 18:21:59
2026-10-06 00:00:00,Day 3,Pune,Forecast,18.5196,73.8553,21.98,22.32,21.98,21.98,80,1014,1.08,324,0,clear sky,0.0,3,49.41,57.15,2026-10-03 06:25:17,2026-10-03 18:21:59
2026-10-06 03:00:00,Day 3,Pune,Forecast,18.5196,73.8553,25.79,25.89,25.79,25.79,56,1016,2.26,75,0,clear sky,0.0,3,49.41,57.15,2026-10-03 06:25:17,2026-10-03 18:21:59
2026-10-06 06:00:00,Day 3,Pune,Forecast,18.5196,73.8553,31.56,30.43,31.56,31.56,31,1014,5.18,106,0,clear sky,0.0,3,49.41,57.15,2026-10-03 06:25:17,2026-10-03 18:21:59
2026-10-06 09:00:00,Day 3,Pune,Forecast,18.5196,73.8553,33.26,31.91,33.26,33.26,27,1011,2.62,120,1,clear sky,0.0,3,49.41,57.15,2026-10-03 06:25:17,2026-10-03 18:21:59
2026-10-06 12:00:00,Day 3,Pune,Forecast,18.5196,73.8553,32.26,31.37,32.26,32.26,32,1011,0.56,263,3,clear sky,0.0,3,49.41,57.15,2026-10-03 06:25:17,2026-10-03 18:21:59
2026-10-06 15:00:00,Day 3,Pune,Forecast,18.5196,73.8553,24.78,25.38,24.78,24.78,79,1015,3.47,279,19,light rain,0.24,3,49.41,57.15,2026-10-03 06:25:17,2026-10-03 18:21:59
2026-10-06 18:00:00,Day 3,Pune,Forecast,18.5196,73.8553,24.03,24.55,24.03,24.03,79,1015,1.52,293,23,few clouds,0.0,3,49.41,57.15,2026-10-03 06:25:17,2026-10-03 18:21:59
2026-10-06 21:00:00,Day 3,Pune,Forecast,18.5196,73.8553,23.06,23.54,23.06,23.06,81,1014,0.82,271,0,clear sky,0.0,3,49.41,57.15,2026-10-03 06:25:17,2026-10-03 18:21:59
2026-10-07 00:00:00,Day 4,Pune,Forecast,18.5196,73.8553,22.95,23.21,22.95,22.95,73,1015,1.29,105,0,clear sky,0.0,3,49.41,57.15,2026-10-03 06:25:17,2026-10-03 18:21:59
2026-10-07 03:00:00,Day 4,Pune,Forecast,18.5196,73.8553,26.62,26.62,26.62,26.62,52,1017,3.29,112,0,clear sky,0.0,3,49.41,57.15,2026-10-03 06:25:17,2026-10-03 18:21:59
2026-10-07 06:00:00,Day 4,Pune,Forecast,18.5196,73.8553,31.38,30.83,31.38,31.38,36,1016,5.66,114,0,clear sky,0.0,3,49.41,57.15,2026-10-03 06:25:17,2026-10-03 18:21:59
2026-10-07 09:00:00,Day 4,Pune,Forecast,18.5196,73.8553,33.31,32.1,33.31,33.31,28,1013,3.9,117,0,clear sky,0.0,3,49.41,57.15,2026-10-03 06:25:17,2026-10-03 18:21:59
2026-10-07 12:00:00,Day 4,Pune,Forecast,18.5196,73.8553,32.01,31.2,32.01,32.01,33,1013,2.38,88,1,clear sky,0.0,3,49.41,57.15,2026-10-03 06:25:17,2026-10-03 18:21:59
2026-10-07 15:00:00,Day 4,Pune,Forecast,18.5196,73.8553,26.9,27.1,26.9,26.9,46,1015,1.29,222,16,few clouds,0.0,3,49.41,57.15,2026-10-03 06:25:17,2026-10-03 18:21:59
2026-10-07 18:00:00,Day 4,Pune,Forecast,18.5196,73.8553,25.1,25.21,25.1,25.1,59,1016,1.54,291,32,scattered clouds,0.0,3,49.41,57.15,2026-10-03 06:25:17,2026-10-03 18:21:59
2026-10-07 21:00:00,Day 4,Pune,Forecast,18.5196,73.8553,24.31,24.39,24.31,24.31,61,1015,0.14,326,0,clear sky,0.0,3,49.41,57.15,2026-10-03 06:25:17,2026-10-03 18:21:59
2026-10-08 00:00:00,Day 5,Pune,Forecast,18.5196,73.8553,23.98,24.0,23.98,23.98,60,1016,1.54,51,0,clear sky,0.0,3,49.41,57.15,2026-10-03 06:25:17,2026-10-03 18:21:59
