Timestamp,Day,City,Weather Type,Latitude,Longitude,Temperature (°C),Feels Like (°C),Min Temp (°C),Max Temp (°C),Humidity (%),Pressure (hPa),Wind Speed (m/s),Wind Direction (°),Cloudiness (%),Weather Condition,Rain (3h) (mm),AQI,PM2.5 (µg/m³),PM10 (µg/m³),Sunrise,Sunset
2026-02-22 15:00:00,Today,Bengaluru,Forecast,12.9762,77.6033,27.69,27.34,25.42,27.69,39,1007,4.74,105,60,broken clouds,0.0,1,8.19,11.45,2026-02-22 06:39:26,2026-02-22 18:27:10
2026-02-22 18:00:00,Today,Bengaluru,Forecast,12.9762,77.6033,24.43,24.44,22.23,24.43,58,1009,5.81,103,80,broken clouds,0.0,1,8.19,11.45,2026-02-22 06:39:26,2026-02-22 18:27:10
2026-02-22 21:00:00,Today,Bengaluru,Forecast,12.9762,77.6033,20.21,20.06,20.21,20.21,68,1009,3.33,119,82,broken clouds,0.0,1,8.19,11.45,2026-02-22 06:39:26,2026-02-22 18:27:10
2026-02-23 00:00:00,Day 1,Bengaluru,Forecast,12.9762,77.6033,18.93,18.89,18.93,18.93,77,1010,2.64,124,64,broken clouds,0.0,1,8.19,11.45,2026-02-22 06:39:26,2026-02-22 18:27:10
2026-02-23 03:00:00,Day 1,Bengaluru,Forecast,12.9762,77.6033,22.82,22.75,22.82,22.82,61,1012,2.52,160,33,scattered clouds,0.0,1,8.19,11.45,2026-02-22 06:39:26,2026-02-22 18:27:10
2026-02-23 06:00:00,Day 1,Bengaluru,Forecast,12.9762,77.6033,29.16,28.07,29.16,29.16,31,1010,2.05,158,19,few clouds,0.0,1,8.19,11.45,2026-02-22 06:39:26,2026-02-22 18:27:10
2026-02-23 09:00:00,Day 1,Bengaluru,Forecast,12.9762,77.6033,31.9,30.0,31.9,31.9,22,1006,2.04,69,10,clear sky,0.0,1,8.19,11.45,2026-02-22 06:39:26,2026-02-22 18:27:10
2026-02-23 12:00:00,Day 1,Bengaluru,Forecast,12.9762,77.6033,30.45,28.73,30.45,30.45,23,1006,3.36,283,37,scattered clouds,0.0,1,8.19,11.45,2026-02-22 06:39:26,2026-02-22 18:27:10
2026-02-23 15:00:00,Day 1,Bengaluru,Forecast,12.9762,77.6033,28.65,27.49,28.65,28.65,28,1008,3.62,89,100,overcast clouds,0.0,1,8.19,11.45,2026-02-22 06:39:26,2026-02-22 18:27:10
2026-02-23 18:00:00,Day 1,Bengaluru,Forecast,12.9762,77.6033,24.01,24.03,24.01,24.01,60,1011,5.42,107,99,overcast clouds,0.0,1,8.19,11.45,2026-02-22 06:39:26,2026-02-22 18:27:10
2026-02-23 21:00:00,Day 1,Bengaluru,Forecast,12.9762,77.6033,21.41,21.49,21.41,21.41,72,1009,2.93,125,90,overcast clouds,0.0,1,8.19,11.45,2026-02-22 06:39:26,2026-02-22 18:27:10
2026-02-24 00:00:00,Day 2,Bengaluru,Forecast,12.9762,77.6033,20.22,20.33,20.22,20.22,78,1009,2.85,153,78,broken clouds,0.0,1,8.19,11.45,2026-02-22 06:39:26,2026-02-22 18:27:10
2026-02-24 03:00:00,Day 2,Bengaluru,Forecast,12.9762,77.6033,23.45,23.44,23.45,23.45,61,1012,2.76,186,100,overcast clouds,0.0,1,8.19,11.45,2026-02-22 06:39:26,2026-02-22 18:27:10
2026-02-24 06:00:00,Day 2,Bengaluru,Forecast,12.9762,77.6033,29.23,28.57,29.23,29.23,37,1010,2.31,190,95,overcast clouds,0.0,1,8.19,11.45,2026-02-22 06:39:26,2026-02-22 18:27:10
2026-02-24 09:00:00,Day 2,Bengaluru,Forecast,12.9762,77.6033,32.62,30.79,32.62,32.62,23,1006,0.05,37,100,overcast clouds,0.0,1,8.19,11.45,2026-02-22 06:39:26,2026-02-22 18:27:10
2026-02-24 12:00:00,Day 2,Bengaluru,Forecast,12.9762,77.6033,31.54,29.79,31.54,31.54,24,1006,1.2,177,100,overcast clouds,0.0,1,8.19,11.45,2026-02-22 06:39:26,2026-02-22 18:27:10
2026-02-24 15:00:00,Day 2,Bengaluru,Forecast,12.9762,77.6033,25.43,25.2,25.43,25.43,45,1010,2.8,106,100,light rain,1.12,1,8.19,11.45,2026-02-22 06:39:26,2026-02-22 18:27:10
2026-02-24 18:00:00,Day 2,Bengaluru,Forecast,12.9762,77.6033,22.77,22.72,22.77,22.77,62,1012,4.55,138,99,light rain,0.33,1,8.19,11.45,2026-02-22 06:39:26,2026-02-22 18:27:10
2026-02-24 21:00:00,Day 2,Bengaluru,Forecast,12.9762,77.6033,20.75,20.79,20.75,20.75,73,1011,2.93,149,93,overcast clouds,0.0,1,8.19,11.45,2026-02-22 06:39:26,2026-02-22 18:27:10
2026-02-25 00:00:00,Day 3,Bengaluru,Forecast,12.9762,77.6033,20.19,20.17,20.19,20.19,73,1011,2.59,161,97,overcast clouds,0.0,1,8.19,11.45,2026-02-22 06:39:26,2026-02-22 18:27:10
2026-02-25 03:00:00,Day 3,Bengaluru,Forecast,12.9762,77.6033,22.99,22.91,22.99,22.99,60,1014,2.03,193,100,overcast clouds,0.0,1,8.19,11.45,2026-02-22 06:39:26,2026-02-22 18:27:10
2026-02-25 06:00:00,Day 3,Bengaluru,Forecast,12.9762,77.6033,28.53,28.23,28.53,28.53,41,1012,2.77,191,54,broken clouds,0.0,1,8.19,11.45,2026-02-22 06:39:26,2026-02-22 18:27:10
2026-02-25 09:00:00,Day 3,Bengaluru,Forecast,12.9762,77.6033,32.02,30.26,32.02,32.02,24,1007,0.59,165,17,few clouds,0.0,1,8.19,11.45,2026-02-22 06:39:26,2026-02-22 18:27:10
2026-02-25 12:00:00,Day 3,Bengaluru,Forecast,12.9762,77.6033,28.47,27.61,28.47,28.47,33,1008,5.6,145,54,broken clouds,0.0,1,8.19,11.45,2026-02-22 06:39:26,2026-02-22 18:27:10
2026-02-25 15:00:00,Day 3,Bengaluru,Forecast,12.9762,77.6033,24.9,24.62,24.9,24.9,45,1012,6.97,90,76,broken clouds,0.0,1,8.19,11.45,2026-02-22 06:39:26,2026-02-22 18:27:10
2026-02-25 18:00:00,Day 3,Bengaluru,Forecast,12.9762,77.6033,23.09,22.84,23.09,23.09,53,1013,4.36,130,49,scattered clouds,0.0,1,8.19,11.45,2026-02-22 06:39:26,2026-02-22 18:27:10
2026-02-25 21:00:00,Day 3,Bengaluru,Forecast,12.9762,77.6033,21.48,21.25,21.48,21.48,60,1011,2.45,146,26,scattered clouds,0.0,1,8.19,11.45,2026-02-22 06:39:26,2026-02-22 18:27:10
2026-02-26 00:00:00,Day 4,Bengaluru,Forecast,12.9762,77.6033,20.44,20.37,20.44,20.44,70,1012,2.8,172,21,few clouds,0.0,1,8.19,11.45,2026-02-22 06:39:26,2026-02-22 18:27:10
2026-02-26 03:00:00,Day 4,Bengaluru,Forecast,12.9762,77.6033,23.35,23.28,23.35,23.35,59,1013,1.73,200,9,clear sky,0.0,1,8.19,11.45,2026-02-22 06:39:26,2026-02-22 18:27:10
2026-02-26 06:00:00,Day 4,Bengaluru,Forecast,12.9762,77.6033,29.16,28.35,29.16,29.16,35,1011,1.91,156,5,clear sky,0.0,1,8.19,11.45,2026-02-22 06:39:26,2026-02-22 18:27:10
2026-02-26 09:00:00,Day 4,Bengaluru,Forecast,12.9762,77.6033,31.97,30.01,31.97,31.97,21,1006,0.73,56,19,few clouds,0.0,1,8.19,11.45,2026-02-22 06:39:26,2026-02-22 18:27:10
2026-02-26 12:00:00,Day 4,Bengaluru,Forecast,12.9762,77.6033,29.81,28.39,29.81,29.81,27,1007,2.68,0,42,scattered clouds,0.0,1,8.19,11.45,2026-02-22 06:39:26,2026-02-22 18:27:10
2026-02-26 15:00:00,Day 4,Bengaluru,Forecast,12.9762,77.6033,25.37,25.06,25.37,25.37,42,1010,6.06,98,95,overcast clouds,0.0,1,8.19,11.45,2026-02-22 06:39:26,2026-02-22 18:27:10
2026-02-26 18:00:00,Day 4,Bengaluru,Forecast,12.9762,77.6033,24.88,24.47,24.88,24.88,40,1011,2.58,153,96,overcast clouds,0.0,1,8.19,11.45,2026-02-22 06:39:26,2026-02-22 18:27:10
2026-02-26 21:00:00,Day 4,Bengaluru,Forecast,12.9762,77.6033,21.97,21.71,21.97,21.97,57,1009,1.99,181,33,scattered clouds,0.0,1,8.19,11.45,2026-02-22 06:39:26,2026-02-22 18:27:10
2026-02-27 00:00:00,Day 5,Bengaluru,Forecast,12.9762,77.6033,20.84,20.76,20.84,20.84,68,1010,2.21,208,19,few clouds,0.0,1,8.19,11.45,2026-02-22 06:39:26,2026-02-22 18:27:10
2026-02-27 03:00:00,Day 5,Bengaluru,Forecast,12.9762,77.6033,23.99,23.96,23.99,23.99,58,1011,3.06,202,6,clear sky,0.0,1,8.19,11.45,2026-02-22 06:39:26,2026-02-22 18:27:10
2026-02-27 06:00:00,Day 5,Bengaluru,Forecast,12.9762,77.6033,29.3,28.4,29.3,29.3,34,1010,2.86,199,5,clear sky,0.0,1,8.19,11.45,2026-02-22 06:39:26,2026-02-22 18:27:10
2026-02-27 09:00:00,Day 5,Bengaluru,Forecast,12.9762,77.6033,29.47,28.34,29.47,29.47,31,1006,3.41,141,70,broken clouds,0.0,1,8.19,11.45,2026-02-22 06:39:26,2026-02-22 18:27:10
2026-02-27 12:00:00,Day 5,Bengaluru,Forecast,12.9762,77.6033,27.77,27.23,27.77,27.77,36,1007,2.48,50,71,broken clouds,0.0,1,8.19,11.45,2026-02-22 06:39:26,2026-02-22 18:27:10
2026-02-22 15:00:00,Today,Mumbai,Forecast,19.0144,72.8479,29.0,29.54,27.01,29.0,49,1007,6.18,336,0,clear sky,0.0,5,124.04,140.65,2026-02-22 07:03:06,2026-02-22 18:41:32
2026-02-22 18:00:00,Today,Mumbai,Forecast,19.0144,72.8479,28.07,28.81,27.11,28.07,53,1007,2.4,3,0,clear sky,0.0,5,124.04,140.65,2026-02-22 07:03:06,2026-02-22 18:41:32
2026-02-22 21:00:00,Today,Mumbai,Forecast,19.0144,72.8479,26.04,26.04,26.04,26.04,66,1007,5.01,320,0,clear sky,0.0,5,124.04,140.65,2026-02-22 07:03:06,2026-02-22 18:41:32
2026-02-23 00:00:00,Day 1,Mumbai,Forecast,19.0144,72.8479,25.54,25.93,25.54,25.54,68,1008,5.47,345,0,clear sky,0.0,5,124.04,140.65,2026-02-22 07:03:06,2026-02-22 18:41:32
2026-02-23 03:00:00,Day 1,Mumbai,Forecast,19.0144,72.8479,25.75,26.03,25.75,25.75,63,1010,3.41,350,13,few clouds,0.0,5,124.04,140.65,2026-02-22 07:03:06,2026-02-22 18:41:32
2026-02-23 06:00:00,Day 1,Mumbai,Forecast,19.0144,72.8479,26.96,27.89,26.96,26.96,58,1011,3.59,293,16,few clouds,0.0,5,124.04,140.65,2026-02-22 07:03:06,2026-02-22 18:41:32
2026-02-23 09:00:00,Day 1,Mumbai,Forecast,19.0144,72.8479,26.89,27.88,26.89,26.89,59,1008,5.76,302,23,few clouds,0.0,5,124.04,140.65,2026-02-22 07:03:06,2026-02-22 18:41:32
2026-02-23 12:00:00,Day 1,Mumbai,Forecast,19.0144,72.8479,26.7,27.71,26.7,26.7,60,1007,6.41,308,23,few clouds,0.0,5,124.04,140.65,2026-02-22 07:03:06,2026-02-22 18:41:32
2026-02-23 15:00:00,Day 1,Mumbai,Forecast,19.0144,72.8479,26.18,26.18,26.18,26.18,63,1009,5.06,322,8,clear sky,0.0,5,124.04,140.65,2026-02-22 07:03:06,2026-02-22 18:41:32
2026-02-23 18:00:00,Day 1,Mumbai,Forecast,19.0144,72.8479,25.95,25.95,25.95,25.95,64,1009,3.78,337,6,clear sky,0.0,5,124.04,140.65,2026-02-22 07:03:06,2026-02-22 18:41:32
2026-02-23 21:00:00,Day 1,Mumbai,Forecast,19.0144,72.8479,25.39,25.71,25.39,25.39,66,1008,4.29,342,0,clear sky,0.0,5,124.04,140.65,2026-02-22 07:03:06,2026-02-22 18:41:32
2026-02-24 00:00:00,Day 2,Mumbai,Forecast,19.0144,72.8479,24.71,24.96,24.71,24.71,66,1008,4.79,5,0,clear sky,0.0,5,124.04,140.65,2026-02-22 07:03:06,2026-02-22 18:41:32
2026-02-24 03:00:00,Day 2,Mumbai,Forecast,19.0144,72.8479,24.69,24.81,24.69,24.69,61,1011,2.91,22,0,clear sky,0.0,5,124.04,140.65,2026-02-22 07:03:06,2026-02-22 18:41:32
2026-02-24 06:00:00,Day 2,Mumbai,Forecast,19.0144,72.8479,26.69,27.41,26.69,26.69,55,1011,3.42,315,3,clear sky,0.0,5,124.04,140.65,2026-02-22 07:03:06,2026-02-22 18:41:32
2026-02-24 09:00:00,Day 2,Mumbai,Forecast,19.0144,72.8479,26.62,26.62,26.62,26.62,61,1008,7.41,300,26,scattered clouds,0.0,5,124.04,140.65,2026-02-22 07:03:06,2026-02-22 18:41:32
2026-02-24 12:00:00,Day 2,Mumbai,Forecast,19.0144,72.8479,26.27,26.27,26.27,26.27,66,1008,7.74,306,23,few clouds,0.0,5,124.04,140.65,2026-02-22 07:03:06,2026-02-22 18:41:32
2026-02-24 15:00:00,Day 2,Mumbai,Forecast,19.0144,72.8479,25.73,26.16,25.73,25.73,69,1010,4.38,310,7,clear sky,0.0,5,124.04,140.65,2026-02-22 07:03:06,2026-02-22 18:41:32
2026-02-24 18:00:00,Day 2,Mumbai,Forecast,19.0144,72.8479,25.49,25.87,25.49,25.49,68,1011,3.46,324,10,clear sky,0.0,5,124.04,140.65,2026-02-22 07:03:06,2026-02-22 18:41:32
2026-02-24 21:00:00,Day 2,Mumbai,Forecast,19.0144,72.8479,25.0,25.33,25.0,25.0,68,1010,3.67,331,23,few clouds,0.0,5,124.04,140.65,2026-02-22 07:03:06,2026-02-22 18:41:32
2026-02-25 00:00:00,Day 3,Mumbai,Forecast,19.0144,72.8479,24.52,24.83,24.52,24.52,69,1010,3.91,1,14,few clouds,0.0,5,124.04,140.65,2026-02-22 07:03:06,2026-02-22 18:41:32
2026-02-25 03:00:00,Day 3,Mumbai,Forecast,19.0144,72.8479,24.43,24.68,24.43,24.43,67,1013,3.27,2,7,clear sky,0.0,5,124.04,140.65,2026-02-22 07:03:06,2026-02-22 18:41:32
2026-02-25 06:00:00,Day 3,Mumbai,Forecast,19.0144,72.8479,26.18,26.18,26.18,26.18,63,1013,3.83,323,6,clear sky,0.0,5,124.04,140.65,2026-02-22 07:03:06,2026-02-22 18:41:32
2026-02-25 09:00:00,Day 3,Mumbai,Forecast,19.0144,72.8479,26.05,26.05,26.05,26.05,68,1010,5.64,300,3,clear sky,0.0,5,124.04,140.65,2026-02-22 07:03:06,2026-02-22 18:41:32
2026-02-25 12:00:00,Day 3,Mumbai,Forecast,19.0144,72.8479,26.13,26.13,26.13,26.13,69,1010,6.35,298,2,clear sky,0.0,5,124.04,140.65,2026-02-22 07:03:06,2026-02-22 18:41:32
2026-02-25 15:00:00,Day 3,Mumbai,Forecast,19.0144,72.8479,25.42,25.95,25.42,25.42,74,1012,5.08,294,0,clear sky,0.0,5,124.04,140.65,2026-02-22 07:03:06,2026-02-22 18:41:32
2026-02-25 18:00:00,Day 3,Mumbai,Forecast,19.0144,72.8479,25.15,25.57,25.15,25.15,71,1013,2.99,305,1,clear sky,0.0,5,124.04,140.65,2026-02-22 07:03:06,2026-02-22 18:41:32
2026-02-25 21:00:00,Day 3,Mumbai,Forecast,19.0144,72.8479,24.86,25.23,24.86,24.86,70,1012,3.06,328,6,clear sky,0.0,5,124.04,140.65,2026-02-22 07:03:06,2026-02-22 18:41:32
2026-02-26 00:00:00,Day 4,Mumbai,Forecast,19.0144,72.8479,24.34,24.68,24.34,24.34,71,1011,2.89,347,5,clear sky,0.0,5,124.04,140.65,2026-02-22 07:03:06,2026-02-22 18:41:32
2026-02-26 03:00:00,Day 4,Mumbai,Forecast,19.0144,72.8479,24.31,24.62,24.31,24.31,70,1013,2.04,1,0,clear sky,0.0,5,124.04,140.65,2026-02-22 07:03:06,2026-02-22 18:41:32
2026-02-26 06:00:00,Day 4,Mumbai,Forecast,19.0144,72.8479,25.42,25.71,25.42,25.42,65,1013,3.03,293,2,clear sky,0.0,5,124.04,140.65,2026-02-22 07:03:06,2026-02-22 18:41:32
2026-02-26 09:00:00,Day 4,Mumbai,Forecast,19.0144,72.8479,25.16,25.48,25.16,25.16,67,1010,5.1,285,6,clear sky,0.0,5,124.04,140.65,2026-02-22 07:03:06,2026-02-22 18:41:32
2026-02-26 12:00:00,Day 4,Mumbai,Forecast,19.0144,72.8479,25.28,25.53,25.28,25.28,64,1009,6.46,290,5,clear sky,0.0,5,124.04,140.65,2026-02-22 07:03:06,2026-02-22 18:41:32
2026-02-26 15:00:00,Day 4,Mumbai,Forecast,19.0144,72.8479,24.92,25.03,24.92,24.92,60,1011,3.15,281,1,clear sky,0.0,5,124.04,140.65,2026-02-22 07:03:06,2026-02-22 18:41:32
2026-02-26 18:00:00,Day 4,Mumbai,Forecast,19.0144,72.8479,24.48,24.55,24.48,24.48,60,1011,1.51,273,1,clear sky,0.0,5,124.04,140.65,2026-02-22 07:03:06,2026-02-22 18:41:32
2026-02-26 21:00:00,Day 4,Mumbai,Forecast,19.0144,72.8479,24.1,24.16,24.1,24.1,61,1009,1.75,317,0,clear sky,0.0,5,124.04,140.65,2026-02-22 07:03:06,2026-02-22 18:41:32
2026-02-27 00:00:00,Day 5,Mumbai,Forecast,19.0144,72.8479,23.69,23.73,23.69,23.69,62,1009,1.59,357,0,clear sky,0.0,5,124.04,140.65,2026-02-22 07:03:06,2026-02-22 18:41:32
2026-02-27 03:00:00,Day 5,Mumbai,Forecast,19.0144,72.8479,23.81,23.87,23.81,23.81,62,1011,0.49,47,0,clear sky,0.0,5,124.04,140.65,2026-02-22 07:03:06,2026-02-22 18:41:32
2026-02-27 06:00:00,Day 5,Mumbai,Forecast,19.0144,72.8479,24.67,24.79,24.67,24.67,61,1011,3.29,259,0,clear sky,0.0,5,124.04,140.65,2026-02-22 07:03:06,2026-02-22 18:41:32
2026-02-27 09:00:00,Day 5,Mumbai,Forecast,19.0144,72.8479,24.87,25.03,24.87,24.87,62,1009,4.03,263,8,clear sky,0.0,5,124.04,140.65,2026-02-22 07:03:06,2026-02-22 18:41:32
2026-02-27 12:00:00,Day 5,Mumbai,Forecast,19.0144,72.8479,25.08,25.26,25.08,25.08,62,1008,4.93,271,7,clear sky,0.0,5,124.04,140.65,2026-02-22 07:03:06,2026-02-22 18:41:32
2026-02-22 15:00:00,Today,Delhi,Forecast,28.6667,77.2167,24.52,23.84,23.45,24.52,31,1008,1.89,348,0,clear sky,0.0,4,58.96,87.57,2026-02-22 06:53:48,2026-02-22 18:15:54
2026-02-22 18:00:00,Today,Delhi,Forecast,28.6667,77.2167,22.29,21.36,20.91,22.29,30,1008,1.71,27,0,clear sky,0.0,4,58.96,87.57,2026-02-22 06:53:48,2026-02-22 18:15:54
2026-02-22 21:00:00,Today,Delhi,Forecast,28.6667,77.2167,19.72,18.58,19.72,19.72,32,1008,1.5,25,0,clear sky,0.0,4,58.96,87.57,2026-02-22 06:53:48,2026-02-22 18:15:54
2026-02-23 00:00:00,Day 1,Delhi,Forecast,28.6667,77.2167,18.9,17.68,18.9,18.9,32,1008,0.16,227,0,clear sky,0.0,4,58.96,87.57,2026-02-22 06:53:48,2026-02-22 18:15:54
2026-02-23 03:00:00,Day 1,Delhi,Forecast,28.6667,77.2167,20.65,19.53,20.65,20.65,29,1011,0.41,209,0,clear sky,0.0,4,58.96,87.57,2026-02-22 06:53:48,2026-02-22 18:15:54
2026-02-23 06:00:00,Day 1,Delhi,Forecast,28.6667,77.2167,27.5,26.38,27.5,27.5,19,1011,1.44,195,0,clear sky,0.0,4,58.96,87.57,2026-02-22 06:53:48,2026-02-22 18:15:54
2026-02-23 09:00:00,Day 1,Delhi,Forecast,28.6667,77.2167,30.51,28.54,30.51,30.51,14,1008,1.7,279,0,clear sky,0.0,4,58.96,87.57,2026-02-22 06:53:48,2026-02-22 18:15:54
2026-02-23 12:00:00,Day 1,Delhi,Forecast,28.6667,77.2167,28.83,27.26,28.83,28.83,16,1007,1.83,317,0,clear sky,0.0,4,58.96,87.57,2026-02-22 06:53:48,2026-02-22 18:15:54
2026-02-23 15:00:00,Day 1,Delhi,Forecast,28.6667,77.2167,25.26,24.36,25.26,25.26,20,1009,2.54,359,0,clear sky,0.0,4,58.96,87.57,2026-02-22 06:53:48,2026-02-22 18:15:54
2026-02-23 18:00:00,Day 1,Delhi,Forecast,28.6667,77.2167,22.0,20.91,22.0,22.0,25,1010,1.89,32,0,clear sky,0.0,4,58.96,87.57,2026-02-22 06:53:48,2026-02-22 18:15:54
2026-02-23 21:00:00,Day 1,Delhi,Forecast,28.6667,77.2167,20.25,19.09,20.25,20.25,29,1009,0.7,43,0,clear sky,0.0,4,58.96,87.57,2026-02-22 06:53:48,2026-02-22 18:15:54
2026-02-24 00:00:00,Day 2,Delhi,Forecast,28.6667,77.2167,19.66,18.46,19.66,19.66,30,1009,1.15,298,0,clear sky,0.0,4,58.96,87.57,2026-02-22 06:53:48,2026-02-22 18:15:54
2026-02-24 03:00:00,Day 2,Delhi,Forecast,28.6667,77.2167,21.21,20.09,21.21,21.21,27,1012,0.7,266,0,clear sky,0.0,4,58.96,87.57,2026-02-22 06:53:48,2026-02-22 18:15:54
2026-02-24 06:00:00,Day 2,Delhi,Forecast,28.6667,77.2167,28.69,27.17,28.69,28.69,17,1012,0.53,223,0,clear sky,0.0,4,58.96,87.57,2026-02-22 06:53:48,2026-02-22 18:15:54
2026-02-24 09:00:00,Day 2,Delhi,Forecast,28.6667,77.2167,30.92,28.87,30.92,30.92,13,1010,1.97,306,0,clear sky,0.0,4,58.96,87.57,2026-02-22 06:53:48,2026-02-22 18:15:54
2026-02-24 12:00:00,Day 2,Delhi,Forecast,28.6667,77.2167,29.38,27.65,29.38,29.38,14,1009,2.04,325,0,clear sky,0.0,4,58.96,87.57,2026-02-22 06:53:48,2026-02-22 18:15:54
2026-02-24 15:00:00,Day 2,Delhi,Forecast,28.6667,77.2167,24.82,23.8,24.82,24.82,17,1011,2.48,353,0,clear sky,0.0,4,58.96,87.57,2026-02-22 06:53:48,2026-02-22 18:15:54
2026-02-24 18:00:00,Day 2,Delhi,Forecast,28.6667,77.2167,22.99,21.79,22.99,22.99,17,1011,1.39,8,0,clear sky,0.0,4,58.96,87.57,2026-02-22 06:53:48,2026-02-22 18:15:54
2026-02-24 21:00:00,Day 2,Delhi,Forecast,28.6667,77.2167,21.01,19.69,21.01,21.01,20,1011,1.45,272,0,clear sky,0.0,4,58.96,87.57,2026-02-22 06:53:48,2026-02-22 18:15:54
2026-02-25 00:00:00,Day 3,Delhi,Forecast,28.6667,77.2167,20.2,18.82,20.2,20.2,21,1011,2.07,294,0,clear sky,0.0,4,58.96,87.57,2026-02-22 06:53:48,2026-02-22 18:15:54
2026-02-25 03:00:00,Day 3,Delhi,Forecast,28.6667,77.2167,21.65,20.42,21.65,21.65,21,1013,1.62,276,0,clear sky,0.0,4,58.96,87.57,2026-02-22 06:53:48,2026-02-22 18:15:54
2026-02-25 06:00:00,Day 3,Delhi,Forecast,28.6667,77.2167,28.47,26.97,28.47,28.47,14,1013,2.4,281,0,clear sky,0.0,4,58.96,87.57,2026-02-22 06:53:48,2026-02-22 18:15:54
2026-02-25 09:00:00,Day 3,Delhi,Forecast,28.6667,77.2167,31.22,29.13,31.22,31.22,10,1010,2.55,300,0,clear sky,0.0,4,58.96,87.57,2026-02-22 06:53:48,2026-02-22 18:15:54
2026-02-25 12:00:00,Day 3,Delhi,Forecast,28.6667,77.2167,29.84,28.01,29.84,29.84,11,1009,2.33,302,0,clear sky,0.0,4,58.96,87.57,2026-02-22 06:53:48,2026-02-22 18:15:54
2026-02-25 15:00:00,Day 3,Delhi,Forecast,28.6667,77.2167,25.17,24.16,25.17,25.17,16,1011,2.04,292,0,clear sky,0.0,4,58.96,87.57,2026-02-22 06:53:48,2026-02-22 18:15:54
2026-02-25 18:00:00,Day 3,Delhi,Forecast,28.6667,77.2167,22.68,21.47,22.68,22.68,18,1011,2.09,320,0,clear sky,0.0,4,58.96,87.57,2026-02-22 06:53:48,2026-02-22 18:15:54
2026-02-25 21:00:00,Day 3,Delhi,Forecast,28.6667,77.2167,21.13,19.79,21.13,21.13,19,1010,2.54,295,0,clear sky,0.0,4,58.96,87.57,2026-02-22 06:53:48,2026-02-22 18:15:54
2026-02-26 00:00:00,Day 4,Delhi,Forecast,28.6667,77.2167,19.6,18.16,19.6,19.6,21,1010,2.15,294,0,clear sky,0.0,4,58.96,87.57,2026-02-22 06:53:48,2026-02-22 18:15:54
2026-02-26 03:00:00,Day 4,Delhi,Forecast,28.6667,77.2167,21.36,20.05,21.36,21.36,19,1011,2.7,297,0,clear sky,0.0,4,58.96,87.57,2026-02-22 06:53:48,2026-02-22 18:15:54
2026-02-26 06:00:00,Day 4,Delhi,Forecast,28.6667,77.2167,29.63,27.85,29.63,29.63,11,1010,3.82,293,0,clear sky,0.0,4,58.96,87.57,2026-02-22 06:53:48,2026-02-22 18:15:54
2026-02-26 09:00:00,Day 4,Delhi,Forecast,28.6667,77.2167,32.49,30.2,32.49,32.49,8,1007,5.4,301,0,clear sky,0.0,4,58.96,87.57,2026-02-22 06:53:48,2026-02-22 18:15:54
2026-02-26 12:00:00,Day 4,Delhi,Forecast,28.6667,77.2167,30.73,28.73,30.73,30.73,10,1006,3.98,278,0,clear sky,0.0,4,58.96,87.57,2026-02-22 06:53:48,2026-02-22 18:15:54
2026-02-26 15:00:00,Day 4,Delhi,Forecast,28.6667,77.2167,26.55,26.55,26.55,26.55,14,1007,3.16,273,0,clear sky,0.0,4,58.96,87.57,2026-02-22 06:53:48,2026-02-22 18:15:54
2026-02-26 18:00:00,Day 4,Delhi,Forecast,28.6667,77.2167,23.35,22.18,23.35,23.35,17,1008,2.09,289,0,clear sky,0.0,4,58.96,87.57,2026-02-22 06:53:48,2026-02-22 18:15:54
2026-02-26 21:00:00,Day 4,Delhi,Forecast,28.6667,77.2167,21.56,20.27,21.56,21.56,19,1007,2.25,289,0,clear sky,0.0,4,58.96,87.57,2026-02-22 06:53:48,2026-02-22 18:15:54
2026-02-27 00:00:00,Day 5,Delhi,Forecast,28.6667,77.2167,20.61,19.25,20.61,20.61,20,1006,2.24,270,0,clear sky,0.0,4,58.96,87.57,2026-02-22 06:53:48,2026-02-22 18:15:54
2026-02-27 03:00:00,Day 5,Delhi,Forecast,28.6667,77.2167,22.35,21.08,22.35,22.35,17,1008,2.36,278,0,clear sky,0.0,4,58.96,87.57,2026-02-22 06:53:48,2026-02-22 18:15:54
2026-02-27 06:00:00,Day 5,Delhi,Forecast,28.6667,77.2167,29.58,27.81,29.58,29.58,11,1008,3.17,281,0,clear sky,0.0,4,58.96,87.57,2026-02-22 06:53:48,2026-02-22 18:15:54
2026-02-27 09:00:00,Day 5,Delhi,Forecast,28.6667,77.2167,33.3,30.87,33.3,33.3,8,1005,4.24,293,0,clear sky,0.0,4,58.96,87.57,2026-02-22 06:53:48,2026-02-22 18:15:54
2026-02-27 12:00:00,Day 5,Delhi,Forecast,28.6667,77.2167,31.6,29.45,31.6,31.6,9,1004,3.93,282,0,clear sky,0.0,4,58.96,87.57,2026-02-22 06:53:48,2026-02-22 18:15:54
2026-02-22 15:00:00,Today,Chennai,Forecast,13.0878,80.2785,27.17,30.12,25.94,27.17,80,1008,5.5,48,60,broken clouds,0.0,2,8.19,13.0,2026-02-22 06:28:49,2026-02-22 18:16:23
2026-02-22 18:00:00,Today,Chennai,Forecast,13.0878,80.2785,26.3,26.3,25.56,26.3,82,1008,5.9,84,80,broken clouds,0.0,2,8.19,13.0,2026-02-22 06:28:49,2026-02-22 18:16:23
2026-02-22 21:00:00,Today,Chennai,Forecast,13.0878,80.2785,24.92,25.61,24.92,24.92,82,1007,2.93,49,95,overcast clouds,0.0,2,8.19,13.0,2026-02-22 06:28:49,2026-02-22 18:16:23
2026-02-23 00:00:00,Day 1,Chennai,Forecast,13.0878,80.2785,25.44,26.02,25.44,25.44,76,1007,2.3,103,97,overcast clouds,0.0,2,8.19,13.0,2026-02-22 06:28:49,2026-02-22 18:16:23
2026-02-23 03:00:00,Day 1,Chennai,Forecast,13.0878,80.2785,26.37,26.37,26.37,26.37,74,1010,2.06,70,100,overcast clouds,0.0,2,8.19,13.0,2026-02-22 06:28:49,2026-02-22 18:16:23
2026-02-23 06:00:00,Day 1,Chennai,Forecast,13.0878,80.2785,28.36,30.52,28.36,28.36,64,1010,3.92,79,82,broken clouds,0.0,2,8.19,13.0,2026-02-22 06:28:49,2026-02-22 18:16:23
2026-02-23 09:00:00,Day 1,Chennai,Forecast,13.0878,80.2785,27.95,29.95,27.95,27.95,65,1007,4.79,74,71,broken clouds,0.0,2,8.19,13.0,2026-02-22 06:28:49,2026-02-22 18:16:23
2026-02-23 12:00:00,Day 1,Chennai,Forecast,13.0878,80.2785,27.19,29.0,27.19,27.19,68,1007,5.05,77,61,broken clouds,0.0,2,8.19,13.0,2026-02-22 06:28:49,2026-02-22 18:16:23
2026-02-23 15:00:00,Day 1,Chennai,Forecast,13.0878,80.2785,25.88,26.56,25.88,25.88,78,1009,4.83,71,3,clear sky,0.0,2,8.19,13.0,2026-02-22 06:28:49,2026-02-22 18:16:23
2026-02-23 18:00:00,Day 1,Chennai,Forecast,13.0878,80.2785,25.34,26.04,25.34,25.34,81,1009,4.46,91,6,clear sky,0.0,2,8.19,13.0,2026-02-22 06:28:49,2026-02-22 18:16:23
2026-02-23 21:00:00,Day 1,Chennai,Forecast,13.0878,80.2785,24.64,25.3,24.64,24.64,82,1007,1.1,155,30,scattered clouds,0.0,2,8.19,13.0,2026-02-22 06:28:49,2026-02-22 18:16:23
2026-02-24 00:00:00,Day 2,Chennai,Forecast,13.0878,80.2785,23.6,24.29,23.6,23.6,87,1008,1.62,262,40,scattered clouds,0.0,2,8.19,13.0,2026-02-22 06:28:49,2026-02-22 18:16:23
2026-02-24 03:00:00,Day 2,Chennai,Forecast,13.0878,80.2785,25.27,25.94,25.27,25.27,80,1011,1.04,296,81,broken clouds,0.0,2,8.19,13.0,2026-02-22 06:28:49,2026-02-22 18:16:23
2026-02-24 06:00:00,Day 2,Chennai,Forecast,13.0878,80.2785,28.32,30.19,28.32,28.32,62,1010,3.31,87,91,overcast clouds,0.0,2,8.19,13.0,2026-02-22 06:28:49,2026-02-22 18:16:23
2026-02-24 09:00:00,Day 2,Chennai,Forecast,13.0878,80.2785,28.06,29.89,28.06,28.06,63,1008,5.11,78,100,overcast clouds,0.0,2,8.19,13.0,2026-02-22 06:28:49,2026-02-22 18:16:23
2026-02-24 12:00:00,Day 2,Chennai,Forecast,13.0878,80.2785,26.93,28.66,26.93,26.93,69,1008,5.33,74,68,broken clouds,0.0,2,8.19,13.0,2026-02-22 06:28:49,2026-02-22 18:16:23
2026-02-24 15:00:00,Day 2,Chennai,Forecast,13.0878,80.2785,25.93,26.62,25.93,25.93,78,1010,5.68,73,13,few clouds,0.0,2,8.19,13.0,2026-02-22 06:28:49,2026-02-22 18:16:23
2026-02-24 18:00:00,Day 2,Chennai,Forecast,13.0878,80.2785,25.53,26.18,25.53,25.53,78,1011,3.55,96,15,few clouds,0.0,2,8.19,13.0,2026-02-22 06:28:49,2026-02-22 18:16:23
2026-02-24 21:00:00,Day 2,Chennai,Forecast,13.0878,80.2785,24.85,25.43,24.85,24.85,78,1009,1.16,152,46,scattered clouds,0.0,2,8.19,13.0,2026-02-22 06:28:49,2026-02-22 18:16:23
2026-02-25 00:00:00,Day 3,Chennai,Forecast,13.0878,80.2785,23.76,24.36,23.76,23.76,83,1009,1.45,277,68,broken clouds,0.0,2,8.19,13.0,2026-02-22 06:28:49,2026-02-22 18:16:23
2026-02-25 03:00:00,Day 3,Chennai,Forecast,13.0878,80.2785,25.27,25.86,25.27,25.27,77,1012,1.9,288,68,broken clouds,0.0,2,8.19,13.0,2026-02-22 06:28:49,2026-02-22 18:16:23
2026-02-25 06:00:00,Day 3,Chennai,Forecast,13.0878,80.2785,28.47,29.91,28.47,28.47,58,1012,3.91,78,64,broken clouds,0.0,2,8.19,13.0,2026-02-22 06:28:49,2026-02-22 18:16:23
2026-02-25 09:00:00,Day 3,Chennai,Forecast,13.0878,80.2785,28.29,29.77,28.29,28.29,59,1009,4.98,79,27,scattered clouds,0.0,2,8.19,13.0,2026-02-22 06:28:49,2026-02-22 18:16:23
2026-02-25 12:00:00,Day 3,Chennai,Forecast,13.0878,80.2785,26.97,28.41,26.97,26.97,65,1009,4.99,92,16,few clouds,0.0,2,8.19,13.0,2026-02-22 06:28:49,2026-02-22 18:16:23
2026-02-25 15:00:00,Day 3,Chennai,Forecast,13.0878,80.2785,25.84,26.39,25.84,25.84,73,1011,4.77,83,11,few clouds,0.0,2,8.19,13.0,2026-02-22 06:28:49,2026-02-22 18:16:23
2026-02-25 18:00:00,Day 3,Chennai,Forecast,13.0878,80.2785,25.46,25.99,25.46,25.46,74,1011,2.33,137,17,few clouds,0.0,2,8.19,13.0,2026-02-22 06:28:49,2026-02-22 18:16:23
2026-02-25 21:00:00,Day 3,Chennai,Forecast,13.0878,80.2785,24.71,25.25,24.71,24.71,77,1009,1.52,119,17,few clouds,0.0,2,8.19,13.0,2026-02-22 06:28:49,2026-02-22 18:16:23
2026-02-26 00:00:00,Day 4,Chennai,Forecast,13.0878,80.2785,23.76,24.31,23.76,23.76,81,1010,2.43,230,10,clear sky,0.0,2,8.19,13.0,2026-02-22 06:28:49,2026-02-22 18:16:23
2026-02-26 03:00:00,Day 4,Chennai,Forecast,13.0878,80.2785,25.44,25.92,25.44,25.44,72,1012,2.33,267,7,clear sky,0.0,2,8.19,13.0,2026-02-22 06:28:49,2026-02-22 18:16:23
2026-02-26 06:00:00,Day 4,Chennai,Forecast,13.0878,80.2785,29.15,30.12,29.15,29.15,52,1010,3.42,120,7,clear sky,0.0,2,8.19,13.0,2026-02-22 06:28:49,2026-02-22 18:16:23
2026-02-26 09:00:00,Day 4,Chennai,Forecast,13.0878,80.2785,28.43,29.61,28.43,28.43,56,1007,5.1,111,2,clear sky,0.0,2,8.19,13.0,2026-02-22 06:28:49,2026-02-22 18:16:23
2026-02-26 12:00:00,Day 4,Chennai,Forecast,13.0878,80.2785,27.42,28.81,27.42,27.42,62,1007,5.57,113,1,clear sky,0.0,2,8.19,13.0,2026-02-22 06:28:49,2026-02-22 18:16:23
2026-02-26 15:00:00,Day 4,Chennai,Forecast,13.0878,80.2785,26.42,26.42,26.42,26.42,73,1009,4.82,115,20,few clouds,0.0,2,8.19,13.0,2026-02-22 06:28:49,2026-02-22 18:16:23
2026-02-26 18:00:00,Day 4,Chennai,Forecast,13.0878,80.2785,25.93,26.51,25.93,25.93,74,1009,3.06,142,30,scattered clouds,0.0,2,8.19,13.0,2026-02-22 06:28:49,2026-02-22 18:16:23
2026-02-26 21:00:00,Day 4,Chennai,Forecast,13.0878,80.2785,25.19,25.72,25.19,25.19,75,1008,3.41,202,35,scattered clouds,0.0,2,8.19,13.0,2026-02-22 06:28:49,2026-02-22 18:16:23
2026-02-27 00:00:00,Day 5,Chennai,Forecast,13.0878,80.2785,24.15,24.71,24.15,24.15,80,1008,4.15,216,41,scattered clouds,0.0,2,8.19,13.0,2026-02-22 06:28:49,2026-02-22 18:16:23
2026-02-27 03:00:00,Day 5,Chennai,Forecast,13.0878,80.2785,26.04,26.04,26.04,26.04,70,1010,4.24,220,6,clear sky,0.0,2,8.19,13.0,2026-02-22 06:28:49,2026-02-22 18:16:23
2026-02-27 06:00:00,Day 5,Chennai,Forecast,13.0878,80.2785,30.5,31.14,30.5,30.5,46,1009,4.39,153,5,clear sky,0.0,2,8.19,13.0,2026-02-22 06:28:49,2026-02-22 18:16:23
2026-02-27 09:00:00,Day 5,Chennai,Forecast,13.0878,80.2785,29.85,31.3,29.85,29.85,53,1006,6.58,130,1,clear sky,0.0,2,8.19,13.0,2026-02-22 06:28:49,2026-02-22 18:16:23
2026-02-27 12:00:00,Day 5,Chennai,Forecast,13.0878,80.2785,27.74,29.38,27.74,27.74,63,1005,6.68,130,1,clear sky,0.0,2,8.19,13.0,2026-02-22 06:28:49,2026-02-22 18:16:23
2026-02-22 15:00:00,Today,Kolkata,Forecast,22.5697,88.3697,27.11,26.84,25.39,27.11,38,1007,4.08,184,13,few clouds,0.0,5,232.08,249.25,2026-02-22 06:03:55,2026-02-22 17:36:33
2026-02-22 18:00:00,Today,Kolkata,Forecast,22.5697,88.3697,25.15,24.84,23.74,25.15,43,1008,3.34,218,7,clear sky,0.0,5,232.08,249.25,2026-02-22 06:03:55,2026-02-22 17:36:33
2026-02-22 21:00:00,Today,Kolkata,Forecast,22.5697,88.3697,21.38,21.14,21.38,21.38,60,1009,2.7,296,0,clear sky,0.0,5,232.08,249.25,2026-02-22 06:03:55,2026-02-22 17:36:33
2026-02-23 00:00:00,Day 1,Kolkata,Forecast,22.5697,88.3697,20.75,20.63,20.75,20.75,67,1009,0.82,247,0,clear sky,0.0,5,232.08,249.25,2026-02-22 06:03:55,2026-02-22 17:36:33
2026-02-23 03:00:00,Day 1,Kolkata,Forecast,22.5697,88.3697,25.39,25.39,25.39,25.39,54,1011,1.64,211,0,clear sky,0.0,5,232.08,249.25,2026-02-22 06:03:55,2026-02-22 17:36:33
2026-02-23 06:00:00,Day 1,Kolkata,Forecast,22.5697,88.3697,31.64,30.76,31.64,31.64,33,1010,3.22,196,0,clear sky,0.0,5,232.08,249.25,2026-02-22 06:03:55,2026-02-22 17:36:33
2026-02-23 09:00:00,Day 1,Kolkata,Forecast,22.5697,88.3697,34.01,32.81,34.01,34.01,27,1006,3.28,209,15,few clouds,0.0,5,232.08,249.25,2026-02-22 06:03:55,2026-02-22 17:36:33
2026-02-23 12:00:00,Day 1,Kolkata,Forecast,22.5697,88.3697,30.63,29.63,30.63,30.63,33,1006,4.03,229,23,few clouds,0.0,5,232.08,249.25,2026-02-22 06:03:55,2026-02-22 17:36:33
2026-02-23 15:00:00,Day 1,Kolkata,Forecast,22.5697,88.3697,25.47,25.4,25.47,25.47,51,1008,3.47,201,0,clear sky,0.0,5,232.08,249.25,2026-02-22 06:03:55,2026-02-22 17:36:33
2026-02-23 18:00:00,Day 1,Kolkata,Forecast,22.5697,88.3697,23.49,23.7,23.49,23.49,69,1009,3.55,214,17,few clouds,0.0,5,232.08,249.25,2026-02-22 06:03:55,2026-02-22 17:36:33
2026-02-23 21:00:00,Day 1,Kolkata,Forecast,22.5697,88.3697,22.2,22.56,22.2,22.2,80,1009,1.62,274,83,broken clouds,0.0,5,232.08,249.25,2026-02-22 06:03:55,2026-02-22 17:36:33
2026-02-24 00:00:00,Day 2,Kolkata,Forecast,22.5697,88.3697,21.7,22.07,21.7,21.7,82,1010,1.79,238,40,scattered clouds,0.0,5,232.08,249.25,2026-02-22 06:03:55,2026-02-22 17:36:33
2026-02-24 03:00:00,Day 2,Kolkata,Forecast,22.5697,88.3697,26.32,26.32,26.32,26.32,58,1012,1.73,251,0,clear sky,0.0,5,232.08,249.25,2026-02-22 06:03:55,2026-02-22 17:36:33
2026-02-24 06:00:00,Day 2,Kolkata,Forecast,22.5697,88.3697,32.57,31.75,32.57,32.57,32,1010,3.03,192,2,clear sky,0.0,5,232.08,249.25,2026-02-22 06:03:55,2026-02-22 17:36:33
2026-02-24 09:00:00,Day 2,Kolkata,Forecast,22.5697,88.3697,34.65,32.89,34.65,34.65,22,1006,2.63,210,8,clear sky,0.0,5,232.08,249.25,2026-02-22 06:03:55,2026-02-22 17:36:33
2026-02-24 12:00:00,Day 2,Kolkata,Forecast,22.5697,88.3697,28.24,27.95,28.24,28.24,41,1007,1.38,337,44,light rain,0.27,5,232.08,249.25,2026-02-22 06:03:55,2026-02-22 17:36:33
2026-02-24 15:00:00,Day 2,Kolkata,Forecast,22.5697,88.3697,22.88,23.1,22.88,22.88,72,1011,4.51,152,100,moderate rain,4.44,5,232.08,249.25,2026-02-22 06:03:55,2026-02-22 17:36:33
2026-02-24 18:00:00,Day 2,Kolkata,Forecast,22.5697,88.3697,23.54,23.54,23.54,23.54,61,1011,4.21,244,94,overcast clouds,0.0,5,232.08,249.25,2026-02-22 06:03:55,2026-02-22 17:36:33
2026-02-24 21:00:00,Day 2,Kolkata,Forecast,22.5697,88.3697,23.1,23.14,23.1,23.1,64,1009,2.37,234,77,broken clouds,0.0,5,232.08,249.25,2026-02-22 06:03:55,2026-02-22 17:36:33
2026-02-25 00:00:00,Day 3,Kolkata,Forecast,22.5697,88.3697,21.64,21.69,21.64,21.64,70,1010,2.16,276,58,broken clouds,0.0,5,232.08,249.25,2026-02-22 06:03:55,2026-02-22 17:36:33
2026-02-25 03:00:00,Day 3,Kolkata,Forecast,22.5697,88.3697,26.97,27.27,26.97,26.97,48,1012,2.05,242,3,clear sky,0.0,5,232.08,249.25,2026-02-22 06:03:55,2026-02-22 17:36:33
2026-02-25 06:00:00,Day 3,Kolkata,Forecast,22.5697,88.3697,32.02,30.96,32.02,32.02,31,1011,2.52,243,3,clear sky,0.0,5,232.08,249.25,2026-02-22 06:03:55,2026-02-22 17:36:33
2026-02-25 09:00:00,Day 3,Kolkata,Forecast,22.5697,88.3697,34.22,32.41,34.22,34.22,22,1007,2.37,247,0,clear sky,0.0,5,232.08,249.25,2026-02-22 06:03:55,2026-02-22 17:36:33
2026-02-25 12:00:00,Day 3,Kolkata,Forecast,22.5697,88.3697,28.81,27.83,28.81,28.81,32,1007,5.89,215,32,scattered clouds,0.0,5,232.08,249.25,2026-02-22 06:03:55,2026-02-22 17:36:33
2026-02-25 15:00:00,Day 3,Kolkata,Forecast,22.5697,88.3697,26.6,26.6,26.6,26.6,41,1008,4.11,225,46,scattered clouds,0.0,5,232.08,249.25,2026-02-22 06:03:55,2026-02-22 17:36:33
2026-02-25 18:00:00,Day 3,Kolkata,Forecast,22.5697,88.3697,23.52,23.42,23.52,23.52,57,1009,3.55,224,25,scattered clouds,0.0,5,232.08,249.25,2026-02-22 06:03:55,2026-02-22 17:36:33
2026-02-25 21:00:00,Day 3,Kolkata,Forecast,22.5697,88.3697,22.29,22.25,22.29,22.29,64,1009,1.16,284,13,few clouds,0.0,5,232.08,249.25,2026-02-22 06:03:55,2026-02-22 17:36:33
2026-02-26 00:00:00,Day 4,Kolkata,Forecast,22.5697,88.3697,21.8,21.84,21.8,21.8,69,1009,1.69,187,8,clear sky,0.0,5,232.08,249.25,2026-02-22 06:03:55,2026-02-22 17:36:33
2026-02-26 03:00:00,Day 4,Kolkata,Forecast,22.5697,88.3697,26.26,26.26,26.26,26.26,52,1011,1.57,178,6,clear sky,0.0,5,232.08,249.25,2026-02-22 06:03:55,2026-02-22 17:36:33
2026-02-26 06:00:00,Day 4,Kolkata,Forecast,22.5697,88.3697,32.56,31.34,32.56,32.56,29,1009,0.09,63,9,clear sky,0.0,5,232.08,249.25,2026-02-22 06:03:55,2026-02-22 17:36:33
2026-02-26 09:00:00,Day 4,Kolkata,Forecast,22.5697,88.3697,34.85,32.58,34.85,34.85,17,1005,1.18,256,5,clear sky,0.0,5,232.08,249.25,2026-02-22 06:03:55,2026-02-22 17:36:33
2026-02-26 12:00:00,Day 4,Kolkata,Forecast,22.5697,88.3697,31.66,29.52,31.66,31.66,16,1005,2.44,274,3,clear sky,0.0,5,232.08,249.25,2026-02-22 06:03:55,2026-02-22 17:36:33
2026-02-26 15:00:00,Day 4,Kolkata,Forecast,22.5697,88.3697,25.37,25.24,25.37,25.37,49,1007,3.74,200,0,clear sky,0.0,5,232.08,249.25,2026-02-22 06:03:55,2026-02-22 17:36:33
2026-02-26 18:00:00,Day 4,Kolkata,Forecast,22.5697,88.3697,22.9,22.89,22.9,22.9,63,1008,3.71,298,0,clear sky,0.0,5,232.08,249.25,2026-02-22 06:03:55,2026-02-22 17:36:33
2026-02-26 21:00:00,Day 4,Kolkata,Forecast,22.5697,88.3697,22.39,22.51,22.39,22.39,70,1006,2.94,228,0,clear sky,0.0,5,232.08,249.25,2026-02-22 06:03:55,2026-02-22 17:36:33
2026-02-27 00:00:00,Day 5,Kolkata,Forecast,22.5697,88.3697,21.72,21.83,21.72,21.72,72,1007,2.79,229,0,clear sky,0.0,5,232.08,249.25,2026-02-22 06:03:55,2026-02-22 17:36:33
2026-02-27 03:00:00,Day 5,Kolkata,Forecast,22.5697,88.3697,26.93,27.53,26.93,26.93,53,1008,3.61,225,0,clear sky,0.0,5,232.08,249.25,2026-02-22 06:03:55,2026-02-22 17:36:33
2026-02-27 06:00:00,Day 5,Kolkata,Forecast,22.5697,88.3697,33.58,31.61,33.58,33.58,21,1007,2.26,241,0,clear sky,0.0,5,232.08,249.25,2026-02-22 06:03:55,2026-02-22 17:36:33
2026-02-27 09:00:00,Day 5,Kolkata,Forecast,22.5697,88.3697,35.63,33.05,35.63,35.63,13,1003,4.09,286,0,clear sky,0.0,5,232.08,249.25,2026-02-22 06:03:55,2026-02-22 17:36:33
2026-02-27 12:00:00,Day 5,Kolkata,Forecast,22.5697,88.3697,31.08,29.0,31.08,31.08,14,1003,1.61,301,0,clear sky,0.0,5,232.08,249.25,2026-02-22 06:03:55,2026-02-22 17:36:33
2026-02-22 15:00:00,Today,Hyderabad,Forecast,17.3753,78.4744,29.5,28.75,28.03,29.5,36,1008,1.82,167,47,scattered clouds,0.0,3,39.3,43.84,2026-02-22 06:39:19,2026-02-22 18:20:19
2026-02-22 18:00:00,Today,Hyderabad,Forecast,17.3753,78.4744,27.73,27.37,26.48,27.73,39,1008,1.51,124,59,broken clouds,0.0,3,39.3,43.84,2026-02-22 06:39:19,2026-02-22 18:20:19
2026-02-22 21:00:00,Today,Hyderabad,Forecast,17.3753,78.4744,22.48,22.53,22.48,22.48,67,1008,3.3,120,41,scattered clouds,0.0,3,39.3,43.84,2026-02-22 06:39:19,2026-02-22 18:20:19
2026-02-23 00:00:00,Day 1,Hyderabad,Forecast,17.3753,78.4744,21.82,21.99,21.82,21.82,74,1008,3.44,107,50,scattered clouds,0.0,3,39.3,43.84,2026-02-22 06:39:19,2026-02-22 18:20:19
2026-02-23 03:00:00,Day 1,Hyderabad,Forecast,17.3753,78.4744,23.45,23.68,23.45,23.45,70,1011,3.17,131,29,scattered clouds,0.0,3,39.3,43.84,2026-02-22 06:39:19,2026-02-22 18:20:19
2026-02-23 06:00:00,Day 1,Hyderabad,Forecast,17.3753,78.4744,29.0,28.89,29.0,29.0,43,1011,2.24,211,42,scattered clouds,0.0,3,39.3,43.84,2026-02-22 06:39:19,2026-02-22 18:20:19
2026-02-23 09:00:00,Day 1,Hyderabad,Forecast,17.3753,78.4744,27.7,27.74,27.7,27.7,45,1008,5.68,300,90,overcast clouds,0.0,3,39.3,43.84,2026-02-22 06:39:19,2026-02-22 18:20:19
2026-02-23 12:00:00,Day 1,Hyderabad,Forecast,17.3753,78.4744,29.64,28.98,29.64,29.64,37,1007,2.22,72,70,broken clouds,0.0,3,39.3,43.84,2026-02-22 06:39:19,2026-02-22 18:20:19
2026-02-23 15:00:00,Day 1,Hyderabad,Forecast,17.3753,78.4744,25.86,25.7,25.86,25.86,46,1009,1.74,75,1,clear sky,0.0,3,39.3,43.84,2026-02-22 06:39:19,2026-02-22 18:20:19
2026-02-23 18:00:00,Day 1,Hyderabad,Forecast,17.3753,78.4744,26.11,26.11,26.11,26.11,44,1009,1.36,82,33,scattered clouds,0.0,3,39.3,43.84,2026-02-22 06:39:19,2026-02-22 18:20:19
2026-02-23 21:00:00,Day 1,Hyderabad,Forecast,17.3753,78.4744,23.37,23.17,23.37,23.37,54,1008,3.2,107,67,light rain,0.13,3,39.3,43.84,2026-02-22 06:39:19,2026-02-22 18:20:19
2026-02-24 00:00:00,Day 2,Hyderabad,Forecast,17.3753,78.4744,22.87,22.78,22.87,22.87,60,1008,2.88,143,77,broken clouds,0.0,3,39.3,43.84,2026-02-22 06:39:19,2026-02-22 18:20:19
2026-02-24 03:00:00,Day 2,Hyderabad,Forecast,17.3753,78.4744,22.38,22.48,22.38,22.38,69,1011,5.25,156,100,overcast clouds,0.0,3,39.3,43.84,2026-02-22 06:39:19,2026-02-22 18:20:19
2026-02-24 06:00:00,Day 2,Hyderabad,Forecast,17.3753,78.4744,26.52,26.52,26.52,26.52,47,1012,2.49,165,99,overcast clouds,0.0,3,39.3,43.84,2026-02-22 06:39:19,2026-02-22 18:20:19
2026-02-24 09:00:00,Day 2,Hyderabad,Forecast,17.3753,78.4744,28.32,27.74,28.32,28.32,37,1009,1.59,213,100,overcast clouds,0.0,3,39.3,43.84,2026-02-22 06:39:19,2026-02-22 18:20:19
2026-02-24 12:00:00,Day 2,Hyderabad,Forecast,17.3753,78.4744,29.63,28.48,29.63,29.63,31,1008,1.41,130,91,overcast clouds,0.0,3,39.3,43.84,2026-02-22 06:39:19,2026-02-22 18:20:19
2026-02-24 15:00:00,Day 2,Hyderabad,Forecast,17.3753,78.4744,25.5,25.23,25.5,25.5,43,1010,3.09,66,54,broken clouds,0.0,3,39.3,43.84,2026-02-22 06:39:19,2026-02-22 18:20:19
2026-02-24 18:00:00,Day 2,Hyderabad,Forecast,17.3753,78.4744,25.16,24.88,25.16,25.16,44,1010,2.42,98,71,broken clouds,0.0,3,39.3,43.84,2026-02-22 06:39:19,2026-02-22 18:20:19
2026-02-24 21:00:00,Day 2,Hyderabad,Forecast,17.3753,78.4744,23.3,23.07,23.3,23.3,53,1009,2.64,132,90,overcast clouds,0.0,3,39.3,43.84,2026-02-22 06:39:19,2026-02-22 18:20:19
2026-02-25 00:00:00,Day 3,Hyderabad,Forecast,17.3753,78.4744,20.54,20.5,20.54,20.54,71,1010,2.86,135,64,broken clouds,0.0,3,39.3,43.84,2026-02-22 06:39:19,2026-02-22 18:20:19
2026-02-25 03:00:00,Day 3,Hyderabad,Forecast,17.3753,78.4744,24.39,24.35,24.39,24.39,56,1013,2.88,174,56,broken clouds,0.0,3,39.3,43.84,2026-02-22 06:39:19,2026-02-22 18:20:19
2026-02-25 06:00:00,Day 3,Hyderabad,Forecast,17.3753,78.4744,30.64,29.64,30.64,30.64,33,1012,1.33,260,40,scattered clouds,0.0,3,39.3,43.84,2026-02-22 06:39:19,2026-02-22 18:20:19
2026-02-25 09:00:00,Day 3,Hyderabad,Forecast,17.3753,78.4744,30.64,29.55,30.64,30.64,32,1009,1.11,347,71,broken clouds,0.0,3,39.3,43.84,2026-02-22 06:39:19,2026-02-22 18:20:19
2026-02-25 12:00:00,Day 3,Hyderabad,Forecast,17.3753,78.4744,27.3,27.09,27.3,27.3,40,1009,3.38,118,80,broken clouds,0.0,3,39.3,43.84,2026-02-22 06:39:19,2026-02-22 18:20:19
2026-02-25 15:00:00,Day 3,Hyderabad,Forecast,17.3753,78.4744,26.48,26.48,26.48,26.48,39,1011,1.36,212,50,scattered clouds,0.0,3,39.3,43.84,2026-02-22 06:39:19,2026-02-22 18:20:19
2026-02-25 18:00:00,Day 3,Hyderabad,Forecast,17.3753,78.4744,26.1,26.1,26.1,26.1,39,1011,1.02,131,73,broken clouds,0.0,3,39.3,43.84,2026-02-22 06:39:19,2026-02-22 18:20:19
2026-02-25 21:00:00,Day 3,Hyderabad,Forecast,17.3753,78.4744,23.78,23.36,23.78,23.78,44,1010,2.33,129,19,few clouds,0.0,3,39.3,43.84,2026-02-22 06:39:19,2026-02-22 18:20:19
2026-02-26 00:00:00,Day 4,Hyderabad,Forecast,17.3753,78.4744,22.68,22.26,22.68,22.68,48,1010,1.49,197,17,few clouds,0.0,3,39.3,43.84,2026-02-22 06:39:19,2026-02-22 18:20:19
2026-02-26 03:00:00,Day 4,Hyderabad,Forecast,17.3753,78.4744,26.46,26.46,26.46,26.46,40,1012,3.06,231,21,few clouds,0.0,3,39.3,43.84,2026-02-22 06:39:19,2026-02-22 18:20:19
2026-02-26 06:00:00,Day 4,Hyderabad,Forecast,17.3753,78.4744,31.21,29.77,31.21,31.21,28,1011,2.13,292,27,scattered clouds,0.0,3,39.3,43.84,2026-02-22 06:39:19,2026-02-22 18:20:19
2026-02-26 09:00:00,Day 4,Hyderabad,Forecast,17.3753,78.4744,30.02,28.63,30.02,30.02,28,1008,2.45,24,100,overcast clouds,0.0,3,39.3,43.84,2026-02-22 06:39:19,2026-02-22 18:20:19
2026-02-26 12:00:00,Day 4,Hyderabad,Forecast,17.3753,78.4744,30.03,28.71,30.03,30.03,29,1007,3.6,171,83,broken clouds,0.0,3,39.3,43.84,2026-02-22 06:39:19,2026-02-22 18:20:19
2026-02-26 15:00:00,Day 4,Hyderabad,Forecast,17.3753,78.4744,27.12,26.71,27.12,27.12,35,1009,1.87,180,51,broken clouds,0.0,3,39.3,43.84,2026-02-22 06:39:19,2026-02-22 18:20:19
2026-02-26 18:00:00,Day 4,Hyderabad,Forecast,17.3753,78.4744,25.71,25.33,25.71,25.71,38,1009,1.77,135,28,scattered clouds,0.0,3,39.3,43.84,2026-02-22 06:39:19,2026-02-22 18:20:19
2026-02-26 21:00:00,Day 4,Hyderabad,Forecast,17.3753,78.4744,24.0,23.58,24.0,24.0,43,1007,1.36,153,23,few clouds,0.0,3,39.3,43.84,2026-02-22 06:39:19,2026-02-22 18:20:19
2026-02-27 00:00:00,Day 5,Hyderabad,Forecast,17.3753,78.4744,23.49,23.04,23.49,23.49,44,1007,2.05,188,43,scattered clouds,0.0,3,39.3,43.84,2026-02-22 06:39:19,2026-02-22 18:20:19
2026-02-27 03:00:00,Day 5,Hyderabad,Forecast,17.3753,78.4744,25.68,25.4,25.68,25.68,42,1010,1.85,212,74,broken clouds,0.0,3,39.3,43.84,2026-02-22 06:39:19,2026-02-22 18:20:19
2026-02-27 06:00:00,Day 5,Hyderabad,Forecast,17.3753,78.4744,32.44,30.97,32.44,32.44,27,1009,3.66,204,51,broken clouds,0.0,3,39.3,43.84,2026-02-22 06:39:19,2026-02-22 18:20:19
2026-02-27 09:00:00,Day 5,Hyderabad,Forecast,17.3753,78.4744,34.23,32.31,34.23,34.23,21,1005,1.53,151,40,scattered clouds,0.0,3,39.3,43.84,2026-02-22 06:39:19,2026-02-22 18:20:19
2026-02-27 12:00:00,Day 5,Hyderabad,Forecast,17.3753,78.4744,33.62,31.65,33.62,33.62,21,1004,0.72,141,38,scattered clouds,0.0,3,39.3,43.84,2026-02-22 06:39:19,2026-02-22 18:20:19
2026-02-22 15:00:00,Today,Ahmedabad,Forecast,23.0333,72.6167,29.35,27.7,28.02,29.35,19,1007,4.07,340,0,clear sky,0.0,5,89.07,113.25,2026-02-22 07:07:17,2026-02-22 18:39:12
2026-02-22 18:00:00,Today,Ahmedabad,Forecast,23.0333,72.6167,26.7,26.03,25.04,26.7,24,1007,3.39,358,0,clear sky,0.0,5,89.07,113.25,2026-02-22 07:07:17,2026-02-22 18:39:12
2026-02-22 21:00:00,Today,Ahmedabad,Forecast,23.0333,72.6167,23.5,22.56,23.5,23.5,25,1008,2.68,330,1,clear sky,0.0,5,89.07,113.25,2026-02-22 07:07:17,2026-02-22 18:39:12
2026-02-23 00:00:00,Day 1,Ahmedabad,Forecast,23.0333,72.6167,21.92,20.95,21.92,21.92,30,1008,2.87,335,0,clear sky,0.0,5,89.07,113.25,2026-02-22 07:07:17,2026-02-22 18:39:12
2026-02-23 03:00:00,Day 1,Ahmedabad,Forecast,23.0333,72.6167,23.4,22.68,23.4,23.4,34,1010,2.35,327,0,clear sky,0.0,5,89.07,113.25,2026-02-22 07:07:17,2026-02-22 18:39:12
2026-02-23 06:00:00,Day 1,Ahmedabad,Forecast,23.0333,72.6167,30.23,28.54,30.23,30.23,23,1011,2.34,310,1,clear sky,0.0,5,89.07,113.25,2026-02-22 07:07:17,2026-02-22 18:39:12
2026-02-23 09:00:00,Day 1,Ahmedabad,Forecast,23.0333,72.6167,33.64,31.44,33.64,33.64,18,1007,2.65,262,1,clear sky,0.0,5,89.07,113.25,2026-02-22 07:07:17,2026-02-22 18:39:12
2026-02-23 12:00:00,Day 1,Ahmedabad,Forecast,23.0333,72.6167,33.1,30.91,33.1,33.1,18,1006,3.69,258,1,clear sky,0.0,5,89.07,113.25,2026-02-22 07:07:17,2026-02-22 18:39:12
2026-02-23 15:00:00,Day 1,Ahmedabad,Forecast,23.0333,72.6167,27.25,26.5,27.25,27.25,28,1008,3.84,322,0,clear sky,0.0,5,89.07,113.25,2026-02-22 07:07:17,2026-02-22 18:39:12
2026-02-23 18:00:00,Day 1,Ahmedabad,Forecast,23.0333,72.6167,25.12,24.52,25.12,25.12,32,1009,3.73,340,0,clear sky,0.0,5,89.07,113.25,2026-02-22 07:07:17,2026-02-22 18:39:12
2026-02-23 21:00:00,Day 1,Ahmedabad,Forecast,23.0333,72.6167,23.01,22.28,23.01,23.01,35,1009,0.87,94,0,clear sky,0.0,5,89.07,113.25,2026-02-22 07:07:17,2026-02-22 18:39:12
2026-02-24 00:00:00,Day 2,Ahmedabad,Forecast,23.0333,72.6167,22.07,21.25,22.07,22.07,35,1009,1.63,360,0,clear sky,0.0,5,89.07,113.25,2026-02-22 07:07:17,2026-02-22 18:39:12
2026-02-24 03:00:00,Day 2,Ahmedabad,Forecast,23.0333,72.6167,24.12,23.37,24.12,24.12,30,1011,2.02,360,0,clear sky,0.0,5,89.07,113.25,2026-02-22 07:07:17,2026-02-22 18:39:12
2026-02-24 06:00:00,Day 2,Ahmedabad,Forecast,23.0333,72.6167,31.15,29.17,31.15,31.15,19,1011,2.68,82,0,clear sky,0.0,5,89.07,113.25,2026-02-22 07:07:17,2026-02-22 18:39:12
2026-02-24 09:00:00,Day 2,Ahmedabad,Forecast,23.0333,72.6167,34.26,31.8,34.26,34.26,14,1008,2.76,64,0,clear sky,0.0,5,89.07,113.25,2026-02-22 07:07:17,2026-02-22 18:39:12
2026-02-24 12:00:00,Day 2,Ahmedabad,Forecast,23.0333,72.6167,34.33,31.83,34.33,34.33,13,1007,2.56,32,4,clear sky,0.0,5,89.07,113.25,2026-02-22 07:07:17,2026-02-22 18:39:12
2026-02-24 15:00:00,Day 2,Ahmedabad,Forecast,23.0333,72.6167,27.82,26.7,27.82,27.82,23,1010,2.77,275,42,scattered clouds,0.0,5,89.07,113.25,2026-02-22 07:07:17,2026-02-22 18:39:12
2026-02-24 18:00:00,Day 2,Ahmedabad,Forecast,23.0333,72.6167,25.42,24.8,25.42,25.42,30,1010,4.13,349,23,few clouds,0.0,5,89.07,113.25,2026-02-22 07:07:17,2026-02-22 18:39:12
2026-02-24 21:00:00,Day 2,Ahmedabad,Forecast,23.0333,72.6167,23.11,22.34,23.11,23.11,33,1009,2.27,255,0,clear sky,0.0,5,89.07,113.25,2026-02-22 07:07:17,2026-02-22 18:39:12
2026-02-25 00:00:00,Day 3,Ahmedabad,Forecast,23.0333,72.6167,22.07,21.17,22.07,22.07,32,1010,1.81,347,0,clear sky,0.0,5,89.07,113.25,2026-02-22 07:07:17,2026-02-22 18:39:12
2026-02-25 03:00:00,Day 3,Ahmedabad,Forecast,23.0333,72.6167,23.81,22.95,23.81,23.81,27,1012,0.73,38,0,clear sky,0.0,5,89.07,113.25,2026-02-22 07:07:17,2026-02-22 18:39:12
2026-02-25 06:00:00,Day 3,Ahmedabad,Forecast,23.0333,72.6167,31.44,29.39,31.44,31.44,18,1012,2.95,163,0,clear sky,0.0,5,89.07,113.25,2026-02-22 07:07:17,2026-02-22 18:39:12
2026-02-25 09:00:00,Day 3,Ahmedabad,Forecast,23.0333,72.6167,35.09,32.6,35.09,35.09,14,1008,4.19,215,0,clear sky,0.0,5,89.07,113.25,2026-02-22 07:07:17,2026-02-22 18:39:12
2026-02-25 12:00:00,Day 3,Ahmedabad,Forecast,23.0333,72.6167,34.03,31.64,34.03,34.03,15,1008,5.36,187,0,clear sky,0.0,5,89.07,113.25,2026-02-22 07:07:17,2026-02-22 18:39:12
2026-02-25 15:00:00,Day 3,Ahmedabad,Forecast,23.0333,72.6167,28.01,26.94,28.01,28.01,26,1010,3.64,207,0,clear sky,0.0,5,89.07,113.25,2026-02-22 07:07:17,2026-02-22 18:39:12
2026-02-25 18:00:00,Day 3,Ahmedabad,Forecast,23.0333,72.6167,25.77,25.26,25.77,25.77,33,1011,4.02,255,0,clear sky,0.0,5,89.07,113.25,2026-02-22 07:07:17,2026-02-22 18:39:12
2026-02-25 21:00:00,Day 3,Ahmedabad,Forecast,23.0333,72.6167,23.45,22.95,23.45,23.45,42,1011,2.83,260,0,clear sky,0.0,5,89.07,113.25,2026-02-22 07:07:17,2026-02-22 18:39:12
2026-02-26 00:00:00,Day 4,Ahmedabad,Forecast,23.0333,72.6167,21.88,21.53,21.88,21.88,54,1011,2.25,271,0,clear sky,0.0,5,89.07,113.25,2026-02-22 07:07:17,2026-02-22 18:39:12
2026-02-26 03:00:00,Day 4,Ahmedabad,Forecast,23.0333,72.6167,23.69,23.37,23.69,23.69,48,1012,1.87,268,0,clear sky,0.0,5,89.07,113.25,2026-02-22 07:07:17,2026-02-22 18:39:12
2026-02-26 06:00:00,Day 4,Ahmedabad,Forecast,23.0333,72.6167,30.52,29.1,30.52,30.52,28,1012,2.55,221,0,clear sky,0.0,5,89.07,113.25,2026-02-22 07:07:17,2026-02-22 18:39:12
2026-02-26 09:00:00,Day 4,Ahmedabad,Forecast,23.0333,72.6167,34.44,32.43,34.44,34.44,20,1008,3.42,213,0,clear sky,0.0,5,89.07,113.25,2026-02-22 07:07:17,2026-02-22 18:39:12
2026-02-26 12:00:00,Day 4,Ahmedabad,Forecast,23.0333,72.6167,33.39,31.33,33.39,33.39,20,1007,5.69,200,0,clear sky,0.0,5,89.07,113.25,2026-02-22 07:07:17,2026-02-22 18:39:12
2026-02-26 15:00:00,Day 4,Ahmedabad,Forecast,23.0333,72.6167,26.93,26.54,26.93,26.93,34,1009,4.16,201,0,clear sky,0.0,5,89.07,113.25,2026-02-22 07:07:17,2026-02-22 18:39:12
2026-02-26 18:00:00,Day 4,Ahmedabad,Forecast,23.0333,72.6167,24.96,24.58,24.96,24.96,41,1009,3.45,221,0,clear sky,0.0,5,89.07,113.25,2026-02-22 07:07:17,2026-02-22 18:39:12
2026-02-26 21:00:00,Day 4,Ahmedabad,Forecast,23.0333,72.6167,22.98,22.14,22.98,22.98,31,1008,3.35,218,0,clear sky,0.0,5,89.07,113.25,2026-02-22 07:07:17,2026-02-22 18:39:12
2026-02-27 00:00:00,Day 5,Ahmedabad,Forecast,23.0333,72.6167,21.33,20.75,21.33,21.33,47,1008,2.06,202,0,clear sky,0.0,5,89.07,113.25,2026-02-22 07:07:17,2026-02-22 18:39:12
2026-02-27 03:00:00,Day 5,Ahmedabad,Forecast,23.0333,72.6167,23.02,22.55,23.02,23.02,45,1010,2.51,184,0,clear sky,0.0,5,89.07,113.25,2026-02-22 07:07:17,2026-02-22 18:39:12
2026-02-27 06:00:00,Day 5,Ahmedabad,Forecast,23.0333,72.6167,30.37,28.77,30.37,30.37,25,1010,3.65,208,0,clear sky,0.0,5,89.07,113.25,2026-02-22 07:07:17,2026-02-22 18:39:12
2026-02-27 09:00:00,Day 5,Ahmedabad,Forecast,23.0333,72.6167,34.28,31.93,34.28,34.28,16,1006,4.86,207,0,clear sky,0.0,5,89.07,113.25,2026-02-22 07:07:17,2026-02-22 18:39:12
2026-02-27 12:00:00,Day 5,Ahmedabad,Forecast,23.0333,72.6167,33.48,31.17,33.48,33.48,16,1005,5.61,192,0,clear sky,0.0,5,89.07,113.25,2026-02-22 07:07:17,2026-02-22 18:39:12
2026-02-22 15:00:00,Today,Pune,Forecast,18.5196,73.8553,29.31,27.65,26.66,29.31,18,1006,2.79,270,7,clear sky,0.0,5,119.41,132.38,2026-02-22 06:58:41,2026-02-22 18:37:54
2026-02-22 18:00:00,Today,Pune,Forecast,18.5196,73.8553,26.72,26.1,24.76,26.72,26,1008,2.32,283,6,clear sky,0.0,5,119.41,132.38,2026-02-22 06:58:41,2026-02-22 18:37:54
2026-02-22 21:00:00,Today,Pune,Forecast,18.5196,73.8553,23.38,22.71,23.38,23.38,36,1009,1.55,314,3,clear sky,0.0,5,119.41,132.38,2026-02-22 06:58:41,2026-02-22 18:37:54
2026-02-23 00:00:00,Day 1,Pune,Forecast,18.5196,73.8553,21.83,21.06,21.83,21.83,38,1009,1.07,298,1,clear sky,0.0,5,119.41,132.38,2026-02-22 06:58:41,2026-02-22 18:37:54
2026-02-23 03:00:00,Day 1,Pune,Forecast,18.5196,73.8553,24.58,23.93,24.58,24.58,32,1011,0.84,318,11,few clouds,0.0,5,119.41,132.38,2026-02-22 06:58:41,2026-02-22 18:37:54
2026-02-23 06:00:00,Day 1,Pune,Forecast,18.5196,73.8553,29.84,28.22,29.84,29.84,23,1011,2.86,32,10,clear sky,0.0,5,119.41,132.38,2026-02-22 06:58:41,2026-02-22 18:37:54
2026-02-23 09:00:00,Day 1,Pune,Forecast,18.5196,73.8553,32.56,30.45,32.56,32.56,19,1007,2.41,12,28,scattered clouds,0.0,5,119.41,132.38,2026-02-22 06:58:41,2026-02-22 18:37:54
2026-02-23 12:00:00,Day 1,Pune,Forecast,18.5196,73.8553,31.85,29.84,31.85,31.85,20,1006,4.92,287,30,scattered clouds,0.0,5,119.41,132.38,2026-02-22 06:58:41,2026-02-22 18:37:54
2026-02-23 15:00:00,Day 1,Pune,Forecast,18.5196,73.8553,25.8,25.38,25.8,25.8,36,1009,3.7,280,40,scattered clouds,0.0,5,119.41,132.38,2026-02-22 06:58:41,2026-02-22 18:37:54
2026-02-23 18:00:00,Day 1,Pune,Forecast,18.5196,73.8553,23.65,23.14,23.65,23.65,41,1010,2.49,257,21,few clouds,0.0,5,119.41,132.38,2026-02-22 06:58:41,2026-02-22 18:37:54
2026-02-23 21:00:00,Day 1,Pune,Forecast,18.5196,73.8553,22.13,21.47,22.13,22.13,41,1009,2.26,298,2,clear sky,0.0,5,119.41,132.38,2026-02-22 06:58:41,2026-02-22 18:37:54
2026-02-24 00:00:00,Day 2,Pune,Forecast,18.5196,73.8553,20.49,19.82,20.49,20.49,47,1010,0.31,6,3,clear sky,0.0,5,119.41,132.38,2026-02-22 06:58:41,2026-02-22 18:37:54
2026-02-24 03:00:00,Day 2,Pune,Forecast,18.5196,73.8553,23.63,23.04,23.63,23.63,38,1011,1.5,313,31,scattered clouds,0.0,5,119.41,132.38,2026-02-22 06:58:41,2026-02-22 18:37:54
2026-02-24 06:00:00,Day 2,Pune,Forecast,18.5196,73.8553,29.71,28.11,29.71,29.71,23,1011,2.75,28,58,broken clouds,0.0,5,119.41,132.38,2026-02-22 06:58:41,2026-02-22 18:37:54
2026-02-24 09:00:00,Day 2,Pune,Forecast,18.5196,73.8553,32.95,30.72,32.95,32.95,17,1007,2.37,41,61,broken clouds,0.0,5,119.41,132.38,2026-02-22 06:58:41,2026-02-22 18:37:54
2026-02-24 12:00:00,Day 2,Pune,Forecast,18.5196,73.8553,32.21,30.04,32.21,32.21,17,1007,5.78,291,79,broken clouds,0.0,5,119.41,132.38,2026-02-22 06:58:41,2026-02-22 18:37:54
2026-02-24 15:00:00,Day 2,Pune,Forecast,18.5196,73.8553,25.35,24.99,25.35,25.35,40,1011,3.78,266,48,scattered clouds,0.0,5,119.41,132.38,2026-02-22 06:58:41,2026-02-22 18:37:54
2026-02-24 18:00:00,Day 2,Pune,Forecast,18.5196,73.8553,22.67,22.22,22.67,22.67,47,1012,3.06,265,29,scattered clouds,0.0,5,119.41,132.38,2026-02-22 06:58:41,2026-02-22 18:37:54
2026-02-24 21:00:00,Day 2,Pune,Forecast,18.5196,73.8553,21.27,20.58,21.27,21.27,43,1011,1.93,283,8,clear sky,0.0,5,119.41,132.38,2026-02-22 06:58:41,2026-02-22 18:37:54
2026-02-25 00:00:00,Day 3,Pune,Forecast,18.5196,73.8553,20.04,19.27,20.04,20.04,45,1011,1.9,291,15,few clouds,0.0,5,119.41,132.38,2026-02-22 06:58:41,2026-02-22 18:37:54
2026-02-25 03:00:00,Day 3,Pune,Forecast,18.5196,73.8553,22.79,22.17,22.79,22.79,40,1013,1.32,316,16,few clouds,0.0,5,119.41,132.38,2026-02-22 06:58:41,2026-02-22 18:37:54
2026-02-25 06:00:00,Day 3,Pune,Forecast,18.5196,73.8553,29.2,27.67,29.2,29.2,22,1013,2.83,32,11,few clouds,0.0,5,119.41,132.38,2026-02-22 06:58:41,2026-02-22 18:37:54
2026-02-25 09:00:00,Day 3,Pune,Forecast,18.5196,73.8553,32.43,30.2,32.43,32.43,16,1009,1.5,33,5,clear sky,0.0,5,119.41,132.38,2026-02-22 06:58:41,2026-02-22 18:37:54
2026-02-25 12:00:00,Day 3,Pune,Forecast,18.5196,73.8553,31.75,29.7,31.75,31.75,19,1008,4.52,295,4,clear sky,0.0,5,119.41,132.38,2026-02-22 06:58:41,2026-02-22 18:37:54
2026-02-25 15:00:00,Day 3,Pune,Forecast,18.5196,73.8553,25.25,24.9,25.25,25.25,41,1012,3.71,260,0,clear sky,0.0,5,119.41,132.38,2026-02-22 06:58:41,2026-02-22 18:37:54
2026-02-25 18:00:00,Day 3,Pune,Forecast,18.5196,73.8553,22.27,21.96,22.27,22.27,54,1013,2.98,269,3,clear sky,0.0,5,119.41,132.38,2026-02-22 06:58:41,2026-02-22 18:37:54
2026-02-25 21:00:00,Day 3,Pune,Forecast,18.5196,73.8553,20.63,20.21,20.63,20.63,56,1012,2.69,268,6,clear sky,0.0,5,119.41,132.38,2026-02-22 06:58:41,2026-02-22 18:37:54
2026-02-26 00:00:00,Day 4,Pune,Forecast,18.5196,73.8553,19.12,18.86,19.12,19.12,68,1012,1.65,284,4,clear sky,0.0,5,119.41,132.38,2026-02-22 06:58:41,2026-02-22 18:37:54
2026-02-26 03:00:00,Day 4,Pune,Forecast,18.5196,73.8553,22.37,22.1,22.37,22.37,55,1013,2.1,286,4,clear sky,0.0,5,119.41,132.38,2026-02-22 06:58:41,2026-02-22 18:37:54
2026-02-26 06:00:00,Day 4,Pune,Forecast,18.5196,73.8553,29.45,28.03,29.45,29.45,26,1012,2.3,14,5,clear sky,0.0,5,119.41,132.38,2026-02-22 06:58:41,2026-02-22 18:37:54
2026-02-26 09:00:00,Day 4,Pune,Forecast,18.5196,73.8553,32.79,30.57,32.79,32.79,17,1008,1.84,17,7,clear sky,0.0,5,119.41,132.38,2026-02-22 06:58:41,2026-02-22 18:37:54
2026-02-26 12:00:00,Day 4,Pune,Forecast,18.5196,73.8553,30.53,29.26,30.53,30.53,30,1007,7.2,282,8,clear sky,0.0,5,119.41,132.38,2026-02-22 06:58:41,2026-02-22 18:37:54
2026-02-26 15:00:00,Day 4,Pune,Forecast,18.5196,73.8553,23.95,23.86,23.95,23.95,56,1011,4.04,258,11,few clouds,0.0,5,119.41,132.38,2026-02-22 06:58:41,2026-02-22 18:37:54
2026-02-26 18:00:00,Day 4,Pune,Forecast,18.5196,73.8553,21.34,21.23,21.34,21.34,65,1012,3.11,261,6,clear sky,0.0,5,119.41,132.38,2026-02-22 06:58:41,2026-02-22 18:37:54
2026-02-26 21:00:00,Day 4,Pune,Forecast,18.5196,73.8553,20.19,19.91,20.19,20.19,63,1010,2.05,276,1,clear sky,0.0,5,119.41,132.38,2026-02-22 06:58:41,2026-02-22 18:37:54
2026-02-27 00:00:00,Day 5,Pune,Forecast,18.5196,73.8553,19.43,18.94,19.43,19.43,58,1010,2.08,278,1,clear sky,0.0,5,119.41,132.38,2026-02-22 06:58:41,2026-02-22 18:37:54
2026-02-27 03:00:00,Day 5,Pune,Forecast,18.5196,73.8553,22.51,21.94,22.51,22.51,43,1011,0.66,280,1,clear sky,0.0,5,119.41,132.38,2026-02-22 06:58:41,2026-02-22 18:37:54
2026-02-27 06:00:00,Day 5,Pune,Forecast,18.5196,73.8553,29.8,28.27,29.8,29.8,25,1011,1.51,38,1,clear sky,0.0,5,119.41,132.38,2026-02-22 06:58:41,2026-02-22 18:37:54
2026-02-27 09:00:00,Day 5,Pune,Forecast,18.5196,73.8553,33.05,30.92,33.05,33.05,19,1006,1.29,336,4,clear sky,0.0,5,119.41,132.38,2026-02-22 06:58:41,2026-02-22 18:37:54
2026-02-27 12:00:00,Day 5,Pune,Forecast,18.5196,73.8553,30.9,29.31,30.9,30.9,26,1006,6.63,283,7,clear sky,0.0,5,119.41,132.38,2026-02-22 06:58:41,2026-02-22 18:37:54
